,W,L,W/L%,GB,PS/G,PA/G,SRS,Year,Team
0,57,25,.695,—,117.9,111.4,6.38,1991,Boston Celtics*
1,54,28,.659,3.0,115.2,110.9,4.37,1991,Philadelphia 76ers*
2,47,35,.573,10.0,116.0,113.1,2.99,1991,New York Knicks*
3,45,37,.549,12.0,113.4,112.5,1.03,1991,Brooklyn Nets*
4,41,41,.500,16.0,112.9,111.4,1.59,1991,Toronto Raptors*
5,Central Division,Central Division,Central Division,Central Division,Central Division,Central Division,Central Division,1991,Central Division
6,58,24,.707,—,116.9,113.3,3.61,1991,Milwaukee Bucks*
7,51,31,.622,7.0,112.3,106.9,5.23,1991,Cleveland Cavaliers*
8,40,42,.488,18.0,113.1,111.8,1.37,1991,Chicago Bulls*
9,35,47,.427,23.0,116.3,119.5,-2.91,1991,Indiana Pacers
10,17,65,.207,41.0,110.3,118.5,-7.73,1991,Detroit Pistons
11,Southeast Division,Southeast Division,Southeast Division,Southeast Division,Southeast Division,Southeast Division,Southeast Division,1991,Southeast Division
12,44,38,.537,—,109.5,109.8,-0.13,1991,Miami Heat*
13,41,41,.500,3.0,118.4,118.1,0.32,1991,Atlanta Hawks*
14,35,47,.427,9.0,113.2,114.4,-1.06,1991,Washington Wizards
15,34,48,.415,10.0,111.4,114.0,-2.39,1991,Orlando Magic
16,27,55,.329,17.0,111.0,117.2,-5.89,1991,Charlotte Hornets
0,Northwest Division,Northwest Division,Northwest Division,Northwest Division,Northwest Division,Northwest Division,Northwest Division,1991,Northwest Division
1,53,29,.646,—,115.8,112.5,3.04,1991,Denver Nuggets*
2,42,40,.512,11.0,115.8,115.8,-0.22,1991,Minnesota Timberwolves*
3,40,42,.488,13.0,117.5,116.4,0.96,1991,Oklahoma City Thunder*
4,37,45,.451,16.0,117.1,118.0,-1.03,1991,Utah Jazz
5,33,49,.402,20.0,113.4,117.4,-3.96,1991,Portland Trail Blazers
6,Pacific Division,Pacific Division,Pacific Division,Pacific Division,Pacific Division,Pacific Division,Pacific Division,1991,Pacific Division
7,48,34,.585,—,120.7,118.1,2.30,1991,Sacramento Kings*
8,45,37,.549,3.0,113.6,111.6,2.08,1991,Phoenix Suns*
9,44,38,.537,4.0,113.6,113.1,0.31,1991,Los Angeles Clippers*
10,44,38,.537,4.0,118.9,117.1,1.66,1991,Golden State Warriors*
11,43,39,.524,5.0,117.2,116.6,0.43,1991,Los Angeles Lakers*
12,Southwest Division,Southwest Division,Southwest Division,Southwest Division,Southwest Division,Southwest Division,Southwest Division,1991,Southwest Division
13,51,31,.622,—,116.9,113.0,3.60,1991,Memphis Grizzlies*
14,42,40,.512,9.0,114.4,112.5,1.63,1991,New Orleans Pelicans*
15,38,44,.463,13.0,114.2,114.1,-0.14,1991,Dallas Mavericks
16,22,60,.268,29.0,110.7,118.6,-7.62,1991,Houston Rockets
17,22,60,.268,29.0,113.0,123.1,-9.82,1991,San Antonio Spurs
0,57,25,.695,—,117.9,111.4,6.38,1992,Boston Celtics*
1,54,28,.659,3.0,115.2,110.9,4.37,1992,Philadelphia 76ers*
2,47,35,.573,10.0,116.0,113.1,2.99,1992,New York Knicks*
3,45,37,.549,12.0,113.4,112.5,1.03,1992,Brooklyn Nets*
4,41,41,.500,16.0,112.9,111.4,1.59,1992,Toronto Raptors*
5,Central Division,Central Division,Central Division,Central Division,Central Division,Central Division,Central Division,1992,Central Division
6,58,24,.707,—,116.9,113.3,3.61,1992,Milwaukee Bucks*
7,51,31,.622,7.0,112.3,106.9,5.23,1992,Cleveland Cavaliers*
8,40,42,.488,18.0,113.1,111.8,1.37,1992,Chicago Bulls*
9,35,47,.427,23.0,116.3,119.5,-2.91,1992,Indiana Pacers
10,17,65,.207,41.0,110.3,118.5,-7.73,1992,Detroit Pistons
11,Southeast Division,Southeast Division,Southeast Division,Southeast Division,Southeast Division,Southeast Division,Southeast Division,1992,Southeast Division
12,44,38,.537,—,109.5,109.8,-0.13,1992,Miami Heat*
13,41,41,.500,3.0,118.4,118.1,0.32,1992,Atlanta Hawks*
14,35,47,.427,9.0,113.2,114.4,-1.06,1992,Washington Wizards
15,34,48,.415,10.0,111.4,114.0,-2.39,1992,Orlando Magic
16,27,55,.329,17.0,111.0,117.2,-5.89,1992,Charlotte Hornets
0,Northwest Division,Northwest Division,Northwest Division,Northwest Division,Northwest Division,Northwest Division,Northwest Division,1992,Northwest Division
1,53,29,.646,—,115.8,112.5,3.04,1992,Denver Nuggets*
2,42,40,.512,11.0,115.8,115.8,-0.22,1992,Minnesota Timberwolves*
3,40,42,.488,13.0,117.5,116.4,0.96,1992,Oklahoma City Thunder*
4,37,45,.451,16.0,117.1,118.0,-1.03,1992,Utah Jazz
5,33,49,.402,20.0,113.4,117.4,-3.96,1992,Portland Trail Blazers
6,Pacific Division,Pacific Division,Pacific Division,Pacific Division,Pacific Division,Pacific Division,Pacific Division,1992,Pacific Division
7,48,34,.585,—,120.7,118.1,2.30,1992,Sacramento Kings*
8,45,37,.549,3.0,113.6,111.6,2.08,1992,Phoenix Suns*
9,44,38,.537,4.0,113.6,113.1,0.31,1992,Los Angeles Clippers*
10,44,38,.537,4.0,118.9,117.1,1.66,1992,Golden State Warriors*
11,43,39,.524,5.0,117.2,116.6,0.43,1992,Los Angeles Lakers*
12,Southwest Division,Southwest Division,Southwest Division,Southwest Division,Southwest Division,Southwest Division,Southwest Division,1992,Southwest Division
13,51,31,.622,—,116.9,113.0,3.60,1992,Memphis Grizzlies*
14,42,40,.512,9.0,114.4,112.5,1.63,1992,New Orleans Pelicans*
15,38,44,.463,13.0,114.2,114.1,-0.14,1992,Dallas Mavericks
16,22,60,.268,29.0,110.7,118.6,-7.62,1992,Houston Rockets
17,22,60,.268,29.0,113.0,123.1,-9.82,1992,San Antonio Spurs
0,57,25,.695,—,117.9,111.4,6.38,1993,Boston Celtics*
1,54,28,.659,3.0,115.2,110.9,4.37,1993,Philadelphia 76ers*
2,47,35,.573,10.0,116.0,113.1,2.99,1993,New York Knicks*
3,45,37,.549,12.0,113.4,112.5,1.03,1993,Brooklyn Nets*
4,41,41,.500,16.0,112.9,111.4,1.59,1993,Toronto Raptors*
5,Central Division,Central Division,Central Division,Central Division,Central Division,Central Division,Central Division,1993,Central Division
6,58,24,.707,—,116.9,113.3,3.61,1993,Milwaukee Bucks*
7,51,31,.622,7.0,112.3,106.9,5.23,1993,Cleveland Cavaliers*
8,40,42,.488,18.0,113.1,111.8,1.37,1993,Chicago Bulls*
9,35,47,.427,23.0,116.3,119.5,-2.91,1993,Indiana Pacers
10,17,65,.207,41.0,110.3,118.5,-7.73,1993,Detroit Pistons
11,Southeast Division,Southeast Division,Southeast Division,Southeast Division,Southeast Division,Southeast Division,Southeast Division,1993,Southeast Division
12,44,38,.537,—,109.5,109.8,-0.13,1993,Miami Heat*
13,41,41,.500,3.0,118.4,118.1,0.32,1993,Atlanta Hawks*
14,35,47,.427,9.0,113.2,114.4,-1.06,1993,Washington Wizards
15,34,48,.415,10.0,111.4,114.0,-2.39,1993,Orlando Magic
16,27,55,.329,17.0,111.0,117.2,-5.89,1993,Charlotte Hornets
0,Northwest Division,Northwest Division,Northwest Division,Northwest Division,Northwest Division,Northwest Division,Northwest Division,1993,Northwest Division
1,53,29,.646,—,115.8,112.5,3.04,1993,Denver Nuggets*
2,42,40,.512,11.0,115.8,115.8,-0.22,1993,Minnesota Timberwolves*
3,40,42,.488,13.0,117.5,116.4,0.96,1993,Oklahoma City Thunder*
4,37,45,.451,16.0,117.1,118.0,-1.03,1993,Utah Jazz
5,33,49,.402,20.0,113.4,117.4,-3.96,1993,Portland Trail Blazers
6,Pacific Division,Pacific Division,Pacific Division,Pacific Division,Pacific Division,Pacific Division,Pacific Division,1993,Pacific Division
7,48,34,.585,—,120.7,118.1,2.30,1993,Sacramento Kings*
8,45,37,.549,3.0,113.6,111.6,2.08,1993,Phoenix Suns*
9,44,38,.537,4.0,113.6,113.1,0.31,1993,Los Angeles Clippers*
10,44,38,.537,4.0,118.9,117.1,1.66,1993,Golden State Warriors*
11,43,39,.524,5.0,117.2,116.6,0.43,1993,Los Angeles Lakers*
12,Southwest Division,Southwest Division,Southwest Division,Southwest Division,Southwest Division,Southwest Division,Southwest Division,1993,Southwest Division
13,51,31,.622,—,116.9,113.0,3.60,1993,Memphis Grizzlies*
14,42,40,.512,9.0,114.4,112.5,1.63,1993,New Orleans Pelicans*
15,38,44,.463,13.0,114.2,114.1,-0.14,1993,Dallas Mavericks
16,22,60,.268,29.0,110.7,118.6,-7.62,1993,Houston Rockets
17,22,60,.268,29.0,113.0,123.1,-9.82,1993,San Antonio Spurs
0,57,25,.695,—,117.9,111.4,6.38,1994,Boston Celtics*
1,54,28,.659,3.0,115.2,110.9,4.37,1994,Philadelphia 76ers*
2,47,35,.573,10.0,116.0,113.1,2.99,1994,New York Knicks*
3,45,37,.549,12.0,113.4,112.5,1.03,1994,Brooklyn Nets*
4,41,41,.500,16.0,112.9,111.4,1.59,1994,Toronto Raptors*
5,Central Division,Central Division,Central Division,Central Division,Central Division,Central Division,Central Division,1994,Central Division
6,58,24,.707,—,116.9,113.3,3.61,1994,Milwaukee Bucks*
7,51,31,.622,7.0,112.3,106.9,5.23,1994,Cleveland Cavaliers*
8,40,42,.488,18.0,113.1,111.8,1.37,1994,Chicago Bulls*
9,35,47,.427,23.0,116.3,119.5,-2.91,1994,Indiana Pacers
10,17,65,.207,41.0,110.3,118.5,-7.73,1994,Detroit Pistons
11,Southeast Division,Southeast Division,Southeast Division,Southeast Division,Southeast Division,Southeast Division,Southeast Division,1994,Southeast Division
12,44,38,.537,—,109.5,109.8,-0.13,1994,Miami Heat*
13,41,41,.500,3.0,118.4,118.1,0.32,1994,Atlanta Hawks*
14,35,47,.427,9.0,113.2,114.4,-1.06,1994,Washington Wizards
15,34,48,.415,10.0,111.4,114.0,-2.39,1994,Orlando Magic
16,27,55,.329,17.0,111.0,117.2,-5.89,1994,Charlotte Hornets
0,Northwest Division,Northwest Division,Northwest Division,Northwest Division,Northwest Division,Northwest Division,Northwest Division,1994,Northwest Division
1,53,29,.646,—,115.8,112.5,3.04,1994,Denver Nuggets*
2,42,40,.512,11.0,115.8,115.8,-0.22,1994,Minnesota Timberwolves*
3,40,42,.488,13.0,117.5,116.4,0.96,1994,Oklahoma City Thunder*
4,37,45,.451,16.0,117.1,118.0,-1.03,1994,Utah Jazz
5,33,49,.402,20.0,113.4,117.4,-3.96,1994,Portland Trail Blazers
6,Pacific Division,Pacific Division,Pacific Division,Pacific Division,Pacific Division,Pacific Division,Pacific Division,1994,Pacific Division
7,48,34,.585,—,120.7,118.1,2.30,1994,Sacramento Kings*
8,45,37,.549,3.0,113.6,111.6,2.08,1994,Phoenix Suns*
9,44,38,.537,4.0,113.6,113.1,0.31,1994,Los Angeles Clippers*
10,44,38,.537,4.0,118.9,117.1,1.66,1994,Golden State Warriors*
11,43,39,.524,5.0,117.2,116.6,0.43,1994,Los Angeles Lakers*
12,Southwest Division,Southwest Division,Southwest Division,Southwest Division,Southwest Division,Southwest Division,Southwest Division,1994,Southwest Division
13,51,31,.622,—,116.9,113.0,3.60,1994,Memphis Grizzlies*
14,42,40,.512,9.0,114.4,112.5,1.63,1994,New Orleans Pelicans*
15,38,44,.463,13.0,114.2,114.1,-0.14,1994,Dallas Mavericks
16,22,60,.268,29.0,110.7,118.6,-7.62,1994,Houston Rockets
17,22,60,.268,29.0,113.0,123.1,-9.82,1994,San Antonio Spurs
0,57,25,.695,—,117.9,111.4,6.38,1995,Boston Celtics*
1,54,28,.659,3.0,115.2,110.9,4.37,1995,Philadelphia 76ers*
2,47,35,.573,10.0,116.0,113.1,2.99,1995,New York Knicks*
3,45,37,.549,12.0,113.4,112.5,1.03,1995,Brooklyn Nets*
4,41,41,.500,16.0,112.9,111.4,1.59,1995,Toronto Raptors*
5,Central Division,Central Division,Central Division,Central Division,Central Division,Central Division,Central Division,1995,Central Division
6,58,24,.707,—,116.9,113.3,3.61,1995,Milwaukee Bucks*
7,51,31,.622,7.0,112.3,106.9,5.23,1995,Cleveland Cavaliers*
8,40,42,.488,18.0,113.1,111.8,1.37,1995,Chicago Bulls*
9,35,47,.427,23.0,116.3,119.5,-2.91,1995,Indiana Pacers
10,17,65,.207,41.0,110.3,118.5,-7.73,1995,Detroit Pistons
11,Southeast Division,Southeast Division,Southeast Division,Southeast Division,Southeast Division,Southeast Division,Southeast Division,1995,Southeast Division
12,44,38,.537,—,109.5,109.8,-0.13,1995,Miami Heat*
13,41,41,.500,3.0,118.4,118.1,0.32,1995,Atlanta Hawks*
14,35,47,.427,9.0,113.2,114.4,-1.06,1995,Washington Wizards
15,34,48,.415,10.0,111.4,114.0,-2.39,1995,Orlando Magic
16,27,55,.329,17.0,111.0,117.2,-5.89,1995,Charlotte Hornets
0,Northwest Division,Northwest Division,Northwest Division,Northwest Division,Northwest Division,Northwest Division,Northwest Division,1995,Northwest Division
1,53,29,.646,—,115.8,112.5,3.04,1995,Denver Nuggets*
2,42,40,.512,11.0,115.8,115.8,-0.22,1995,Minnesota Timberwolves*
3,40,42,.488,13.0,117.5,116.4,0.96,1995,Oklahoma City Thunder*
4,37,45,.451,16.0,117.1,118.0,-1.03,1995,Utah Jazz
5,33,49,.402,20.0,113.4,117.4,-3.96,1995,Portland Trail Blazers
6,Pacific Division,Pacific Division,Pacific Division,Pacific Division,Pacific Division,Pacific Division,Pacific Division,1995,Pacific Division
7,48,34,.585,—,120.7,118.1,2.30,1995,Sacramento Kings*
8,45,37,.549,3.0,113.6,111.6,2.08,1995,Phoenix Suns*
9,44,38,.537,4.0,113.6,113.1,0.31,1995,Los Angeles Clippers*
10,44,38,.537,4.0,118.9,117.1,1.66,1995,Golden State Warriors*
11,43,39,.524,5.0,117.2,116.6,0.43,1995,Los Angeles Lakers*
12,Southwest Division,Southwest Division,Southwest Division,Southwest Division,Southwest Division,Southwest Division,Southwest Division,1995,Southwest Division
13,51,31,.622,—,116.9,113.0,3.60,1995,Memphis Grizzlies*
14,42,40,.512,9.0,114.4,112.5,1.63,1995,New Orleans Pelicans*
15,38,44,.463,13.0,114.2,114.1,-0.14,1995,Dallas Mavericks
16,22,60,.268,29.0,110.7,118.6,-7.62,1995,Houston Rockets
17,22,60,.268,29.0,113.0,123.1,-9.82,1995,San Antonio Spurs
0,57,25,.695,—,117.9,111.4,6.38,1996,Boston Celtics*
1,54,28,.659,3.0,115.2,110.9,4.37,1996,Philadelphia 76ers*
2,47,35,.573,10.0,116.0,113.1,2.99,1996,New York Knicks*
3,45,37,.549,12.0,113.4,112.5,1.03,1996,Brooklyn Nets*
4,41,41,.500,16.0,112.9,111.4,1.59,1996,Toronto Raptors*
5,Central Division,Central Division,Central Division,Central Division,Central Division,Central Division,Central Division,1996,Central Division
6,58,24,.707,—,116.9,113.3,3.61,1996,Milwaukee Bucks*
7,51,31,.622,7.0,112.3,106.9,5.23,1996,Cleveland Cavaliers*
8,40,42,.488,18.0,113.1,111.8,1.37,1996,Chicago Bulls*
9,35,47,.427,23.0,116.3,119.5,-2.91,1996,Indiana Pacers
10,17,65,.207,41.0,110.3,118.5,-7.73,1996,Detroit Pistons
11,Southeast Division,Southeast Division,Southeast Division,Southeast Division,Southeast Division,Southeast Division,Southeast Division,1996,Southeast Division
12,44,38,.537,—,109.5,109.8,-0.13,1996,Miami Heat*
13,41,41,.500,3.0,118.4,118.1,0.32,1996,Atlanta Hawks*
14,35,47,.427,9.0,113.2,114.4,-1.06,1996,Washington Wizards
15,34,48,.415,10.0,111.4,114.0,-2.39,1996,Orlando Magic
16,27,55,.329,17.0,111.0,117.2,-5.89,1996,Charlotte Hornets
0,Northwest Division,Northwest Division,Northwest Division,Northwest Division,Northwest Division,Northwest Division,Northwest Division,1996,Northwest Division
1,53,29,.646,—,115.8,112.5,3.04,1996,Denver Nuggets*
2,42,40,.512,11.0,115.8,115.8,-0.22,1996,Minnesota Timberwolves*
3,40,42,.488,13.0,117.5,116.4,0.96,1996,Oklahoma City Thunder*
4,37,45,.451,16.0,117.1,118.0,-1.03,1996,Utah Jazz
5,33,49,.402,20.0,113.4,117.4,-3.96,1996,Portland Trail Blazers
6,Pacific Division,Pacific Division,Pacific Division,Pacific Division,Pacific Division,Pacific Division,Pacific Division,1996,Pacific Division
7,48,34,.585,—,120.7,118.1,2.30,1996,Sacramento Kings*
8,45,37,.549,3.0,113.6,111.6,2.08,1996,Phoenix Suns*
9,44,38,.537,4.0,113.6,113.1,0.31,1996,Los Angeles Clippers*
10,44,38,.537,4.0,118.9,117.1,1.66,1996,Golden State Warriors*
11,43,39,.524,5.0,117.2,116.6,0.43,1996,Los Angeles Lakers*
12,Southwest Division,Southwest Division,Southwest Division,Southwest Division,Southwest Division,Southwest Division,Southwest Division,1996,Southwest Division
13,51,31,.622,—,116.9,113.0,3.60,1996,Memphis Grizzlies*
14,42,40,.512,9.0,114.4,112.5,1.63,1996,New Orleans Pelicans*
15,38,44,.463,13.0,114.2,114.1,-0.14,1996,Dallas Mavericks
16,22,60,.268,29.0,110.7,118.6,-7.62,1996,Houston Rockets
17,22,60,.268,29.0,113.0,123.1,-9.82,1996,San Antonio Spurs
0,57,25,.695,—,117.9,111.4,6.38,1997,Boston Celtics*
1,54,28,.659,3.0,115.2,110.9,4.37,1997,Philadelphia 76ers*
2,47,35,.573,10.0,116.0,113.1,2.99,1997,New York Knicks*
3,45,37,.549,12.0,113.4,112.5,1.03,1997,Brooklyn Nets*
4,41,41,.500,16.0,112.9,111.4,1.59,1997,Toronto Raptors*
5,Central Division,Central Division,Central Division,Central Division,Central Division,Central Division,Central Division,1997,Central Division
6,58,24,.707,—,116.9,113.3,3.61,1997,Milwaukee Bucks*
7,51,31,.622,7.0,112.3,106.9,5.23,1997,Cleveland Cavaliers*
8,40,42,.488,18.0,113.1,111.8,1.37,1997,Chicago Bulls*
9,35,47,.427,23.0,116.3,119.5,-2.91,1997,Indiana Pacers
10,17,65,.207,41.0,110.3,118.5,-7.73,1997,Detroit Pistons
11,Southeast Division,Southeast Division,Southeast Division,Southeast Division,Southeast Division,Southeast Division,Southeast Division,1997,Southeast Division
12,44,38,.537,—,109.5,109.8,-0.13,1997,Miami Heat*
13,41,41,.500,3.0,118.4,118.1,0.32,1997,Atlanta Hawks*
14,35,47,.427,9.0,113.2,114.4,-1.06,1997,Washington Wizards
15,34,48,.415,10.0,111.4,114.0,-2.39,1997,Orlando Magic
16,27,55,.329,17.0,111.0,117.2,-5.89,1997,Charlotte Hornets
0,Northwest Division,Northwest Division,Northwest Division,Northwest Division,Northwest Division,Northwest Division,Northwest Division,1997,Northwest Division
1,53,29,.646,—,115.8,112.5,3.04,1997,Denver Nuggets*
2,42,40,.512,11.0,115.8,115.8,-0.22,1997,Minnesota Timberwolves*
3,40,42,.488,13.0,117.5,116.4,0.96,1997,Oklahoma City Thunder*
4,37,45,.451,16.0,117.1,118.0,-1.03,1997,Utah Jazz
5,33,49,.402,20.0,113.4,117.4,-3.96,1997,Portland Trail Blazers
6,Pacific Division,Pacific Division,Pacific Division,Pacific Division,Pacific Division,Pacific Division,Pacific Division,1997,Pacific Division
7,48,34,.585,—,120.7,118.1,2.30,1997,Sacramento Kings*
8,45,37,.549,3.0,113.6,111.6,2.08,1997,Phoenix Suns*
9,44,38,.537,4.0,113.6,113.1,0.31,1997,Los Angeles Clippers*
10,44,38,.537,4.0,118.9,117.1,1.66,1997,Golden State Warriors*
11,43,39,.524,5.0,117.2,116.6,0.43,1997,Los Angeles Lakers*
12,Southwest Division,Southwest Division,Southwest Division,Southwest Division,Southwest Division,Southwest Division,Southwest Division,1997,Southwest Division
13,51,31,.622,—,116.9,113.0,3.60,1997,Memphis Grizzlies*
14,42,40,.512,9.0,114.4,112.5,1.63,1997,New Orleans Pelicans*
15,38,44,.463,13.0,114.2,114.1,-0.14,1997,Dallas Mavericks
16,22,60,.268,29.0,110.7,118.6,-7.62,1997,Houston Rockets
17,22,60,.268,29.0,113.0,123.1,-9.82,1997,San Antonio Spurs
0,57,25,.695,—,117.9,111.4,6.38,1998,Boston Celtics*
1,54,28,.659,3.0,115.2,110.9,4.37,1998,Philadelphia 76ers*
2,47,35,.573,10.0,116.0,113.1,2.99,1998,New York Knicks*
3,45,37,.549,12.0,113.4,112.5,1.03,1998,Brooklyn Nets*
4,41,41,.500,16.0,112.9,111.4,1.59,1998,Toronto Raptors*
5,Central Division,Central Division,Central Division,Central Division,Central Division,Central Division,Central Division,1998,Central Division
6,58,24,.707,—,116.9,113.3,3.61,1998,Milwaukee Bucks*
7,51,31,.622,7.0,112.3,106.9,5.23,1998,Cleveland Cavaliers*
8,40,42,.488,18.0,113.1,111.8,1.37,1998,Chicago Bulls*
9,35,47,.427,23.0,116.3,119.5,-2.91,1998,Indiana Pacers
10,17,65,.207,41.0,110.3,118.5,-7.73,1998,Detroit Pistons
11,Southeast Division,Southeast Division,Southeast Division,Southeast Division,Southeast Division,Southeast Division,Southeast Division,1998,Southeast Division
12,44,38,.537,—,109.5,109.8,-0.13,1998,Miami Heat*
13,41,41,.500,3.0,118.4,118.1,0.32,1998,Atlanta Hawks*
14,35,47,.427,9.0,113.2,114.4,-1.06,1998,Washington Wizards
15,34,48,.415,10.0,111.4,114.0,-2.39,1998,Orlando Magic
16,27,55,.329,17.0,111.0,117.2,-5.89,1998,Charlotte Hornets
0,Northwest Division,Northwest Division,Northwest Division,Northwest Division,Northwest Division,Northwest Division,Northwest Division,1998,Northwest Division
1,53,29,.646,—,115.8,112.5,3.04,1998,Denver Nuggets*
2,42,40,.512,11.0,115.8,115.8,-0.22,1998,Minnesota Timberwolves*
3,40,42,.488,13.0,117.5,116.4,0.96,1998,Oklahoma City Thunder*
4,37,45,.451,16.0,117.1,118.0,-1.03,1998,Utah Jazz
5,33,49,.402,20.0,113.4,117.4,-3.96,1998,Portland Trail Blazers
6,Pacific Division,Pacific Division,Pacific Division,Pacific Division,Pacific Division,Pacific Division,Pacific Division,1998,Pacific Division
7,48,34,.585,—,120.7,118.1,2.30,1998,Sacramento Kings*
8,45,37,.549,3.0,113.6,111.6,2.08,1998,Phoenix Suns*
9,44,38,.537,4.0,113.6,113.1,0.31,1998,Los Angeles Clippers*
10,44,38,.537,4.0,118.9,117.1,1.66,1998,Golden State Warriors*
11,43,39,.524,5.0,117.2,116.6,0.43,1998,Los Angeles Lakers*
12,Southwest Division,Southwest Division,Southwest Division,Southwest Division,Southwest Division,Southwest Division,Southwest Division,1998,Southwest Division
13,51,31,.622,—,116.9,113.0,3.60,1998,Memphis Grizzlies*
14,42,40,.512,9.0,114.4,112.5,1.63,1998,New Orleans Pelicans*
15,38,44,.463,13.0,114.2,114.1,-0.14,1998,Dallas Mavericks
16,22,60,.268,29.0,110.7,118.6,-7.62,1998,Houston Rockets
17,22,60,.268,29.0,113.0,123.1,-9.82,1998,San Antonio Spurs
0,57,25,.695,—,117.9,111.4,6.38,1999,Boston Celtics*
1,54,28,.659,3.0,115.2,110.9,4.37,1999,Philadelphia 76ers*
2,47,35,.573,10.0,116.0,113.1,2.99,1999,New York Knicks*
3,45,37,.549,12.0,113.4,112.5,1.03,1999,Brooklyn Nets*
4,41,41,.500,16.0,112.9,111.4,1.59,1999,Toronto Raptors*
5,Central Division,Central Division,Central Division,Central Division,Central Division,Central Division,Central Division,1999,Central Division
6,58,24,.707,—,116.9,113.3,3.61,1999,Milwaukee Bucks*
7,51,31,.622,7.0,112.3,106.9,5.23,1999,Cleveland Cavaliers*
8,40,42,.488,18.0,113.1,111.8,1.37,1999,Chicago Bulls*
9,35,47,.427,23.0,116.3,119.5,-2.91,1999,Indiana Pacers
10,17,65,.207,41.0,110.3,118.5,-7.73,1999,Detroit Pistons
11,Southeast Division,Southeast Division,Southeast Division,Southeast Division,Southeast Division,Southeast Division,Southeast Division,1999,Southeast Division
12,44,38,.537,—,109.5,109.8,-0.13,1999,Miami Heat*
13,41,41,.500,3.0,118.4,118.1,0.32,1999,Atlanta Hawks*
14,35,47,.427,9.0,113.2,114.4,-1.06,1999,Washington Wizards
15,34,48,.415,10.0,111.4,114.0,-2.39,1999,Orlando Magic
16,27,55,.329,17.0,111.0,117.2,-5.89,1999,Charlotte Hornets
0,Northwest Division,Northwest Division,Northwest Division,Northwest Division,Northwest Division,Northwest Division,Northwest Division,1999,Northwest Division
1,53,29,.646,—,115.8,112.5,3.04,1999,Denver Nuggets*
2,42,40,.512,11.0,115.8,115.8,-0.22,1999,Minnesota Timberwolves*
3,40,42,.488,13.0,117.5,116.4,0.96,1999,Oklahoma City Thunder*
4,37,45,.451,16.0,117.1,118.0,-1.03,1999,Utah Jazz
5,33,49,.402,20.0,113.4,117.4,-3.96,1999,Portland Trail Blazers
6,Pacific Division,Pacific Division,Pacific Division,Pacific Division,Pacific Division,Pacific Division,Pacific Division,1999,Pacific Division
7,48,34,.585,—,120.7,118.1,2.30,1999,Sacramento Kings*
8,45,37,.549,3.0,113.6,111.6,2.08,1999,Phoenix Suns*
9,44,38,.537,4.0,113.6,113.1,0.31,1999,Los Angeles Clippers*
10,44,38,.537,4.0,118.9,117.1,1.66,1999,Golden State Warriors*
11,43,39,.524,5.0,117.2,116.6,0.43,1999,Los Angeles Lakers*
12,Southwest Division,Southwest Division,Southwest Division,Southwest Division,Southwest Division,Southwest Division,Southwest Division,1999,Southwest Division
13,51,31,.622,—,116.9,113.0,3.60,1999,Memphis Grizzlies*
14,42,40,.512,9.0,114.4,112.5,1.63,1999,New Orleans Pelicans*
15,38,44,.463,13.0,114.2,114.1,-0.14,1999,Dallas Mavericks
16,22,60,.268,29.0,110.7,118.6,-7.62,1999,Houston Rockets
17,22,60,.268,29.0,113.0,123.1,-9.82,1999,San Antonio Spurs
0,57,25,.695,—,117.9,111.4,6.38,2000,Boston Celtics*
1,54,28,.659,3.0,115.2,110.9,4.37,2000,Philadelphia 76ers*
2,47,35,.573,10.0,116.0,113.1,2.99,2000,New York Knicks*
3,45,37,.549,12.0,113.4,112.5,1.03,2000,Brooklyn Nets*
4,41,41,.500,16.0,112.9,111.4,1.59,2000,Toronto Raptors*
5,Central Division,Central Division,Central Division,Central Division,Central Division,Central Division,Central Division,2000,Central Division
6,58,24,.707,—,116.9,113.3,3.61,2000,Milwaukee Bucks*
7,51,31,.622,7.0,112.3,106.9,5.23,2000,Cleveland Cavaliers*
8,40,42,.488,18.0,113.1,111.8,1.37,2000,Chicago Bulls*
9,35,47,.427,23.0,116.3,119.5,-2.91,2000,Indiana Pacers
10,17,65,.207,41.0,110.3,118.5,-7.73,2000,Detroit Pistons
11,Southeast Division,Southeast Division,Southeast Division,Southeast Division,Southeast Division,Southeast Division,Southeast Division,2000,Southeast Division
12,44,38,.537,—,109.5,109.8,-0.13,2000,Miami Heat*
13,41,41,.500,3.0,118.4,118.1,0.32,2000,Atlanta Hawks*
14,35,47,.427,9.0,113.2,114.4,-1.06,2000,Washington Wizards
15,34,48,.415,10.0,111.4,114.0,-2.39,2000,Orlando Magic
16,27,55,.329,17.0,111.0,117.2,-5.89,2000,Charlotte Hornets
0,Northwest Division,Northwest Division,Northwest Division,Northwest Division,Northwest Division,Northwest Division,Northwest Division,2000,Northwest Division
1,53,29,.646,—,115.8,112.5,3.04,2000,Denver Nuggets*
2,42,40,.512,11.0,115.8,115.8,-0.22,2000,Minnesota Timberwolves*
3,40,42,.488,13.0,117.5,116.4,0.96,2000,Oklahoma City Thunder*
4,37,45,.451,16.0,117.1,118.0,-1.03,2000,Utah Jazz
5,33,49,.402,20.0,113.4,117.4,-3.96,2000,Portland Trail Blazers
6,Pacific Division,Pacific Division,Pacific Division,Pacific Division,Pacific Division,Pacific Division,Pacific Division,2000,Pacific Division
7,48,34,.585,—,120.7,118.1,2.30,2000,Sacramento Kings*
8,45,37,.549,3.0,113.6,111.6,2.08,2000,Phoenix Suns*
9,44,38,.537,4.0,113.6,113.1,0.31,2000,Los Angeles Clippers*
10,44,38,.537,4.0,118.9,117.1,1.66,2000,Golden State Warriors*
11,43,39,.524,5.0,117.2,116.6,0.43,2000,Los Angeles Lakers*
12,Southwest Division,Southwest Division,Southwest Division,Southwest Division,Southwest Division,Southwest Division,Southwest Division,2000,Southwest Division
13,51,31,.622,—,116.9,113.0,3.60,2000,Memphis Grizzlies*
14,42,40,.512,9.0,114.4,112.5,1.63,2000,New Orleans Pelicans*
15,38,44,.463,13.0,114.2,114.1,-0.14,2000,Dallas Mavericks
16,22,60,.268,29.0,110.7,118.6,-7.62,2000,Houston Rockets
17,22,60,.268,29.0,113.0,123.1,-9.82,2000,San Antonio Spurs
0,57,25,.695,—,117.9,111.4,6.38,2001,Boston Celtics*
1,54,28,.659,3.0,115.2,110.9,4.37,2001,Philadelphia 76ers*
2,47,35,.573,10.0,116.0,113.1,2.99,2001,New York Knicks*
3,45,37,.549,12.0,113.4,112.5,1.03,2001,Brooklyn Nets*
4,41,41,.500,16.0,112.9,111.4,1.59,2001,Toronto Raptors*
5,Central Division,Central Division,Central Division,Central Division,Central Division,Central Division,Central Division,2001,Central Division
6,58,24,.707,—,116.9,113.3,3.61,2001,Milwaukee Bucks*
7,51,31,.622,7.0,112.3,106.9,5.23,2001,Cleveland Cavaliers*
8,40,42,.488,18.0,113.1,111.8,1.37,2001,Chicago Bulls*
9,35,47,.427,23.0,116.3,119.5,-2.91,2001,Indiana Pacers
10,17,65,.207,41.0,110.3,118.5,-7.73,2001,Detroit Pistons
11,Southeast Division,Southeast Division,Southeast Division,Southeast Division,Southeast Division,Southeast Division,Southeast Division,2001,Southeast Division
12,44,38,.537,—,109.5,109.8,-0.13,2001,Miami Heat*
13,41,41,.500,3.0,118.4,118.1,0.32,2001,Atlanta Hawks*
14,35,47,.427,9.0,113.2,114.4,-1.06,2001,Washington Wizards
15,34,48,.415,10.0,111.4,114.0,-2.39,2001,Orlando Magic
16,27,55,.329,17.0,111.0,117.2,-5.89,2001,Charlotte Hornets
0,Northwest Division,Northwest Division,Northwest Division,Northwest Division,Northwest Division,Northwest Division,Northwest Division,2001,Northwest Division
1,53,29,.646,—,115.8,112.5,3.04,2001,Denver Nuggets*
2,42,40,.512,11.0,115.8,115.8,-0.22,2001,Minnesota Timberwolves*
3,40,42,.488,13.0,117.5,116.4,0.96,2001,Oklahoma City Thunder*
4,37,45,.451,16.0,117.1,118.0,-1.03,2001,Utah Jazz
5,33,49,.402,20.0,113.4,117.4,-3.96,2001,Portland Trail Blazers
6,Pacific Division,Pacific Division,Pacific Division,Pacific Division,Pacific Division,Pacific Division,Pacific Division,2001,Pacific Division
7,48,34,.585,—,120.7,118.1,2.30,2001,Sacramento Kings*
8,45,37,.549,3.0,113.6,111.6,2.08,2001,Phoenix Suns*
9,44,38,.537,4.0,113.6,113.1,0.31,2001,Los Angeles Clippers*
10,44,38,.537,4.0,118.9,117.1,1.66,2001,Golden State Warriors*
11,43,39,.524,5.0,117.2,116.6,0.43,2001,Los Angeles Lakers*
12,Southwest Division,Southwest Division,Southwest Division,Southwest Division,Southwest Division,Southwest Division,Southwest Division,2001,Southwest Division
13,51,31,.622,—,116.9,113.0,3.60,2001,Memphis Grizzlies*
14,42,40,.512,9.0,114.4,112.5,1.63,2001,New Orleans Pelicans*
15,38,44,.463,13.0,114.2,114.1,-0.14,2001,Dallas Mavericks
16,22,60,.268,29.0,110.7,118.6,-7.62,2001,Houston Rockets
17,22,60,.268,29.0,113.0,123.1,-9.82,2001,San Antonio Spurs
0,57,25,.695,—,117.9,111.4,6.38,2002,Boston Celtics*
1,54,28,.659,3.0,115.2,110.9,4.37,2002,Philadelphia 76ers*
2,47,35,.573,10.0,116.0,113.1,2.99,2002,New York Knicks*
3,45,37,.549,12.0,113.4,112.5,1.03,2002,Brooklyn Nets*
4,41,41,.500,16.0,112.9,111.4,1.59,2002,Toronto Raptors*
5,Central Division,Central Division,Central Division,Central Division,Central Division,Central Division,Central Division,2002,Central Division
6,58,24,.707,—,116.9,113.3,3.61,2002,Milwaukee Bucks*
7,51,31,.622,7.0,112.3,106.9,5.23,2002,Cleveland Cavaliers*
8,40,42,.488,18.0,113.1,111.8,1.37,2002,Chicago Bulls*
9,35,47,.427,23.0,116.3,119.5,-2.91,2002,Indiana Pacers
10,17,65,.207,41.0,110.3,118.5,-7.73,2002,Detroit Pistons
11,Southeast Division,Southeast Division,Southeast Division,Southeast Division,Southeast Division,Southeast Division,Southeast Division,2002,Southeast Division
12,44,38,.537,—,109.5,109.8,-0.13,2002,Miami Heat*
13,41,41,.500,3.0,118.4,118.1,0.32,2002,Atlanta Hawks*
14,35,47,.427,9.0,113.2,114.4,-1.06,2002,Washington Wizards
15,34,48,.415,10.0,111.4,114.0,-2.39,2002,Orlando Magic
16,27,55,.329,17.0,111.0,117.2,-5.89,2002,Charlotte Hornets
0,Northwest Division,Northwest Division,Northwest Division,Northwest Division,Northwest Division,Northwest Division,Northwest Division,2002,Northwest Division
1,53,29,.646,—,115.8,112.5,3.04,2002,Denver Nuggets*
2,42,40,.512,11.0,115.8,115.8,-0.22,2002,Minnesota Timberwolves*
3,40,42,.488,13.0,117.5,116.4,0.96,2002,Oklahoma City Thunder*
4,37,45,.451,16.0,117.1,118.0,-1.03,2002,Utah Jazz
5,33,49,.402,20.0,113.4,117.4,-3.96,2002,Portland Trail Blazers
6,Pacific Division,Pacific Division,Pacific Division,Pacific Division,Pacific Division,Pacific Division,Pacific Division,2002,Pacific Division
7,48,34,.585,—,120.7,118.1,2.30,2002,Sacramento Kings*
8,45,37,.549,3.0,113.6,111.6,2.08,2002,Phoenix Suns*
9,44,38,.537,4.0,113.6,113.1,0.31,2002,Los Angeles Clippers*
10,44,38,.537,4.0,118.9,117.1,1.66,2002,Golden State Warriors*
11,43,39,.524,5.0,117.2,116.6,0.43,2002,Los Angeles Lakers*
12,Southwest Division,Southwest Division,Southwest Division,Southwest Division,Southwest Division,Southwest Division,Southwest Division,2002,Southwest Division
13,51,31,.622,—,116.9,113.0,3.60,2002,Memphis Grizzlies*
14,42,40,.512,9.0,114.4,112.5,1.63,2002,New Orleans Pelicans*
15,38,44,.463,13.0,114.2,114.1,-0.14,2002,Dallas Mavericks
16,22,60,.268,29.0,110.7,118.6,-7.62,2002,Houston Rockets
17,22,60,.268,29.0,113.0,123.1,-9.82,2002,San Antonio Spurs
0,57,25,.695,—,117.9,111.4,6.38,2003,Boston Celtics*
1,54,28,.659,3.0,115.2,110.9,4.37,2003,Philadelphia 76ers*
2,47,35,.573,10.0,116.0,113.1,2.99,2003,New York Knicks*
3,45,37,.549,12.0,113.4,112.5,1.03,2003,Brooklyn Nets*
4,41,41,.500,16.0,112.9,111.4,1.59,2003,Toronto Raptors*
5,Central Division,Central Division,Central Division,Central Division,Central Division,Central Division,Central Division,2003,Central Division
6,58,24,.707,—,116.9,113.3,3.61,2003,Milwaukee Bucks*
7,51,31,.622,7.0,112.3,106.9,5.23,2003,Cleveland Cavaliers*
8,40,42,.488,18.0,113.1,111.8,1.37,2003,Chicago Bulls*
9,35,47,.427,23.0,116.3,119.5,-2.91,2003,Indiana Pacers
10,17,65,.207,41.0,110.3,118.5,-7.73,2003,Detroit Pistons
11,Southeast Division,Southeast Division,Southeast Division,Southeast Division,Southeast Division,Southeast Division,Southeast Division,2003,Southeast Division
12,44,38,.537,—,109.5,109.8,-0.13,2003,Miami Heat*
13,41,41,.500,3.0,118.4,118.1,0.32,2003,Atlanta Hawks*
14,35,47,.427,9.0,113.2,114.4,-1.06,2003,Washington Wizards
15,34,48,.415,10.0,111.4,114.0,-2.39,2003,Orlando Magic
16,27,55,.329,17.0,111.0,117.2,-5.89,2003,Charlotte Hornets
0,Northwest Division,Northwest Division,Northwest Division,Northwest Division,Northwest Division,Northwest Division,Northwest Division,2003,Northwest Division
1,53,29,.646,—,115.8,112.5,3.04,2003,Denver Nuggets*
2,42,40,.512,11.0,115.8,115.8,-0.22,2003,Minnesota Timberwolves*
3,40,42,.488,13.0,117.5,116.4,0.96,2003,Oklahoma City Thunder*
4,37,45,.451,16.0,117.1,118.0,-1.03,2003,Utah Jazz
5,33,49,.402,20.0,113.4,117.4,-3.96,2003,Portland Trail Blazers
6,Pacific Division,Pacific Division,Pacific Division,Pacific Division,Pacific Division,Pacific Division,Pacific Division,2003,Pacific Division
7,48,34,.585,—,120.7,118.1,2.30,2003,Sacramento Kings*
8,45,37,.549,3.0,113.6,111.6,2.08,2003,Phoenix Suns*
9,44,38,.537,4.0,113.6,113.1,0.31,2003,Los Angeles Clippers*
10,44,38,.537,4.0,118.9,117.1,1.66,2003,Golden State Warriors*
11,43,39,.524,5.0,117.2,116.6,0.43,2003,Los Angeles Lakers*
12,Southwest Division,Southwest Division,Southwest Division,Southwest Division,Southwest Division,Southwest Division,Southwest Division,2003,Southwest Division
13,51,31,.622,—,116.9,113.0,3.60,2003,Memphis Grizzlies*
14,42,40,.512,9.0,114.4,112.5,1.63,2003,New Orleans Pelicans*
15,38,44,.463,13.0,114.2,114.1,-0.14,2003,Dallas Mavericks
16,22,60,.268,29.0,110.7,118.6,-7.62,2003,Houston Rockets
17,22,60,.268,29.0,113.0,123.1,-9.82,2003,San Antonio Spurs
0,57,25,.695,—,117.9,111.4,6.38,2004,Boston Celtics*
1,54,28,.659,3.0,115.2,110.9,4.37,2004,Philadelphia 76ers*
2,47,35,.573,10.0,116.0,113.1,2.99,2004,New York Knicks*
3,45,37,.549,12.0,113.4,112.5,1.03,2004,Brooklyn Nets*
4,41,41,.500,16.0,112.9,111.4,1.59,2004,Toronto Raptors*
5,Central Division,Central Division,Central Division,Central Division,Central Division,Central Division,Central Division,2004,Central Division
6,58,24,.707,—,116.9,113.3,3.61,2004,Milwaukee Bucks*
7,51,31,.622,7.0,112.3,106.9,5.23,2004,Cleveland Cavaliers*
8,40,42,.488,18.0,113.1,111.8,1.37,2004,Chicago Bulls*
9,35,47,.427,23.0,116.3,119.5,-2.91,2004,Indiana Pacers
10,17,65,.207,41.0,110.3,118.5,-7.73,2004,Detroit Pistons
11,Southeast Division,Southeast Division,Southeast Division,Southeast Division,Southeast Division,Southeast Division,Southeast Division,2004,Southeast Division
12,44,38,.537,—,109.5,109.8,-0.13,2004,Miami Heat*
13,41,41,.500,3.0,118.4,118.1,0.32,2004,Atlanta Hawks*
14,35,47,.427,9.0,113.2,114.4,-1.06,2004,Washington Wizards
15,34,48,.415,10.0,111.4,114.0,-2.39,2004,Orlando Magic
16,27,55,.329,17.0,111.0,117.2,-5.89,2004,Charlotte Hornets
0,Northwest Division,Northwest Division,Northwest Division,Northwest Division,Northwest Division,Northwest Division,Northwest Division,2004,Northwest Division
1,53,29,.646,—,115.8,112.5,3.04,2004,Denver Nuggets*
2,42,40,.512,11.0,115.8,115.8,-0.22,2004,Minnesota Timberwolves*
3,40,42,.488,13.0,117.5,116.4,0.96,2004,Oklahoma City Thunder*
4,37,45,.451,16.0,117.1,118.0,-1.03,2004,Utah Jazz
5,33,49,.402,20.0,113.4,117.4,-3.96,2004,Portland Trail Blazers
6,Pacific Division,Pacific Division,Pacific Division,Pacific Division,Pacific Division,Pacific Division,Pacific Division,2004,Pacific Division
7,48,34,.585,—,120.7,118.1,2.30,2004,Sacramento Kings*
8,45,37,.549,3.0,113.6,111.6,2.08,2004,Phoenix Suns*
9,44,38,.537,4.0,113.6,113.1,0.31,2004,Los Angeles Clippers*
10,44,38,.537,4.0,118.9,117.1,1.66,2004,Golden State Warriors*
11,43,39,.524,5.0,117.2,116.6,0.43,2004,Los Angeles Lakers*
12,Southwest Division,Southwest Division,Southwest Division,Southwest Division,Southwest Division,Southwest Division,Southwest Division,2004,Southwest Division
13,51,31,.622,—,116.9,113.0,3.60,2004,Memphis Grizzlies*
14,42,40,.512,9.0,114.4,112.5,1.63,2004,New Orleans Pelicans*
15,38,44,.463,13.0,114.2,114.1,-0.14,2004,Dallas Mavericks
16,22,60,.268,29.0,110.7,118.6,-7.62,2004,Houston Rockets
17,22,60,.268,29.0,113.0,123.1,-9.82,2004,San Antonio Spurs
0,57,25,.695,—,117.9,111.4,6.38,2005,Boston Celtics*
1,54,28,.659,3.0,115.2,110.9,4.37,2005,Philadelphia 76ers*
2,47,35,.573,10.0,116.0,113.1,2.99,2005,New York Knicks*
3,45,37,.549,12.0,113.4,112.5,1.03,2005,Brooklyn Nets*
4,41,41,.500,16.0,112.9,111.4,1.59,2005,Toronto Raptors*
5,Central Division,Central Division,Central Division,Central Division,Central Division,Central Division,Central Division,2005,Central Division
6,58,24,.707,—,116.9,113.3,3.61,2005,Milwaukee Bucks*
7,51,31,.622,7.0,112.3,106.9,5.23,2005,Cleveland Cavaliers*
8,40,42,.488,18.0,113.1,111.8,1.37,2005,Chicago Bulls*
9,35,47,.427,23.0,116.3,119.5,-2.91,2005,Indiana Pacers
10,17,65,.207,41.0,110.3,118.5,-7.73,2005,Detroit Pistons
11,Southeast Division,Southeast Division,Southeast Division,Southeast Division,Southeast Division,Southeast Division,Southeast Division,2005,Southeast Division
12,44,38,.537,—,109.5,109.8,-0.13,2005,Miami Heat*
13,41,41,.500,3.0,118.4,118.1,0.32,2005,Atlanta Hawks*
14,35,47,.427,9.0,113.2,114.4,-1.06,2005,Washington Wizards
15,34,48,.415,10.0,111.4,114.0,-2.39,2005,Orlando Magic
16,27,55,.329,17.0,111.0,117.2,-5.89,2005,Charlotte Hornets
0,Northwest Division,Northwest Division,Northwest Division,Northwest Division,Northwest Division,Northwest Division,Northwest Division,2005,Northwest Division
1,53,29,.646,—,115.8,112.5,3.04,2005,Denver Nuggets*
2,42,40,.512,11.0,115.8,115.8,-0.22,2005,Minnesota Timberwolves*
3,40,42,.488,13.0,117.5,116.4,0.96,2005,Oklahoma City Thunder*
4,37,45,.451,16.0,117.1,118.0,-1.03,2005,Utah Jazz
5,33,49,.402,20.0,113.4,117.4,-3.96,2005,Portland Trail Blazers
6,Pacific Division,Pacific Division,Pacific Division,Pacific Division,Pacific Division,Pacific Division,Pacific Division,2005,Pacific Division
7,48,34,.585,—,120.7,118.1,2.30,2005,Sacramento Kings*
8,45,37,.549,3.0,113.6,111.6,2.08,2005,Phoenix Suns*
9,44,38,.537,4.0,113.6,113.1,0.31,2005,Los Angeles Clippers*
10,44,38,.537,4.0,118.9,117.1,1.66,2005,Golden State Warriors*
11,43,39,.524,5.0,117.2,116.6,0.43,2005,Los Angeles Lakers*
12,Southwest Division,Southwest Division,Southwest Division,Southwest Division,Southwest Division,Southwest Division,Southwest Division,2005,Southwest Division
13,51,31,.622,—,116.9,113.0,3.60,2005,Memphis Grizzlies*
14,42,40,.512,9.0,114.4,112.5,1.63,2005,New Orleans Pelicans*
15,38,44,.463,13.0,114.2,114.1,-0.14,2005,Dallas Mavericks
16,22,60,.268,29.0,110.7,118.6,-7.62,2005,Houston Rockets
17,22,60,.268,29.0,113.0,123.1,-9.82,2005,San Antonio Spurs
0,57,25,.695,—,117.9,111.4,6.38,2006,Boston Celtics*
1,54,28,.659,3.0,115.2,110.9,4.37,2006,Philadelphia 76ers*
2,47,35,.573,10.0,116.0,113.1,2.99,2006,New York Knicks*
3,45,37,.549,12.0,113.4,112.5,1.03,2006,Brooklyn Nets*
4,41,41,.500,16.0,112.9,111.4,1.59,2006,Toronto Raptors*
5,Central Division,Central Division,Central Division,Central Division,Central Division,Central Division,Central Division,2006,Central Division
6,58,24,.707,—,116.9,113.3,3.61,2006,Milwaukee Bucks*
7,51,31,.622,7.0,112.3,106.9,5.23,2006,Cleveland Cavaliers*
8,40,42,.488,18.0,113.1,111.8,1.37,2006,Chicago Bulls*
9,35,47,.427,23.0,116.3,119.5,-2.91,2006,Indiana Pacers
10,17,65,.207,41.0,110.3,118.5,-7.73,2006,Detroit Pistons
11,Southeast Division,Southeast Division,Southeast Division,Southeast Division,Southeast Division,Southeast Division,Southeast Division,2006,Southeast Division
12,44,38,.537,—,109.5,109.8,-0.13,2006,Miami Heat*
13,41,41,.500,3.0,118.4,118.1,0.32,2006,Atlanta Hawks*
14,35,47,.427,9.0,113.2,114.4,-1.06,2006,Washington Wizards
15,34,48,.415,10.0,111.4,114.0,-2.39,2006,Orlando Magic
16,27,55,.329,17.0,111.0,117.2,-5.89,2006,Charlotte Hornets
0,Northwest Division,Northwest Division,Northwest Division,Northwest Division,Northwest Division,Northwest Division,Northwest Division,2006,Northwest Division
1,53,29,.646,—,115.8,112.5,3.04,2006,Denver Nuggets*
2,42,40,.512,11.0,115.8,115.8,-0.22,2006,Minnesota Timberwolves*
3,40,42,.488,13.0,117.5,116.4,0.96,2006,Oklahoma City Thunder*
4,37,45,.451,16.0,117.1,118.0,-1.03,2006,Utah Jazz
5,33,49,.402,20.0,113.4,117.4,-3.96,2006,Portland Trail Blazers
6,Pacific Division,Pacific Division,Pacific Division,Pacific Division,Pacific Division,Pacific Division,Pacific Division,2006,Pacific Division
7,48,34,.585,—,120.7,118.1,2.30,2006,Sacramento Kings*
8,45,37,.549,3.0,113.6,111.6,2.08,2006,Phoenix Suns*
9,44,38,.537,4.0,113.6,113.1,0.31,2006,Los Angeles Clippers*
10,44,38,.537,4.0,118.9,117.1,1.66,2006,Golden State Warriors*
11,43,39,.524,5.0,117.2,116.6,0.43,2006,Los Angeles Lakers*
12,Southwest Division,Southwest Division,Southwest Division,Southwest Division,Southwest Division,Southwest Division,Southwest Division,2006,Southwest Division
13,51,31,.622,—,116.9,113.0,3.60,2006,Memphis Grizzlies*
14,42,40,.512,9.0,114.4,112.5,1.63,2006,New Orleans Pelicans*
15,38,44,.463,13.0,114.2,114.1,-0.14,2006,Dallas Mavericks
16,22,60,.268,29.0,110.7,118.6,-7.62,2006,Houston Rockets
17,22,60,.268,29.0,113.0,123.1,-9.82,2006,San Antonio Spurs
0,57,25,.695,—,117.9,111.4,6.38,2007,Boston Celtics*
1,54,28,.659,3.0,115.2,110.9,4.37,2007,Philadelphia 76ers*
2,47,35,.573,10.0,116.0,113.1,2.99,2007,New York Knicks*
3,45,37,.549,12.0,113.4,112.5,1.03,2007,Brooklyn Nets*
4,41,41,.500,16.0,112.9,111.4,1.59,2007,Toronto Raptors*
5,Central Division,Central Division,Central Division,Central Division,Central Division,Central Division,Central Division,2007,Central Division
6,58,24,.707,—,116.9,113.3,3.61,2007,Milwaukee Bucks*
7,51,31,.622,7.0,112.3,106.9,5.23,2007,Cleveland Cavaliers*
8,40,42,.488,18.0,113.1,111.8,1.37,2007,Chicago Bulls*
9,35,47,.427,23.0,116.3,119.5,-2.91,2007,Indiana Pacers
10,17,65,.207,41.0,110.3,118.5,-7.73,2007,Detroit Pistons
11,Southeast Division,Southeast Division,Southeast Division,Southeast Division,Southeast Division,Southeast Division,Southeast Division,2007,Southeast Division
12,44,38,.537,—,109.5,109.8,-0.13,2007,Miami Heat*
13,41,41,.500,3.0,118.4,118.1,0.32,2007,Atlanta Hawks*
14,35,47,.427,9.0,113.2,114.4,-1.06,2007,Washington Wizards
15,34,48,.415,10.0,111.4,114.0,-2.39,2007,Orlando Magic
16,27,55,.329,17.0,111.0,117.2,-5.89,2007,Charlotte Hornets
0,Northwest Division,Northwest Division,Northwest Division,Northwest Division,Northwest Division,Northwest Division,Northwest Division,2007,Northwest Division
1,53,29,.646,—,115.8,112.5,3.04,2007,Denver Nuggets*
2,42,40,.512,11.0,115.8,115.8,-0.22,2007,Minnesota Timberwolves*
3,40,42,.488,13.0,117.5,116.4,0.96,2007,Oklahoma City Thunder*
4,37,45,.451,16.0,117.1,118.0,-1.03,2007,Utah Jazz
5,33,49,.402,20.0,113.4,117.4,-3.96,2007,Portland Trail Blazers
6,Pacific Division,Pacific Division,Pacific Division,Pacific Division,Pacific Division,Pacific Division,Pacific Division,2007,Pacific Division
7,48,34,.585,—,120.7,118.1,2.30,2007,Sacramento Kings*
8,45,37,.549,3.0,113.6,111.6,2.08,2007,Phoenix Suns*
9,44,38,.537,4.0,113.6,113.1,0.31,2007,Los Angeles Clippers*
10,44,38,.537,4.0,118.9,117.1,1.66,2007,Golden State Warriors*
11,43,39,.524,5.0,117.2,116.6,0.43,2007,Los Angeles Lakers*
12,Southwest Division,Southwest Division,Southwest Division,Southwest Division,Southwest Division,Southwest Division,Southwest Division,2007,Southwest Division
13,51,31,.622,—,116.9,113.0,3.60,2007,Memphis Grizzlies*
14,42,40,.512,9.0,114.4,112.5,1.63,2007,New Orleans Pelicans*
15,38,44,.463,13.0,114.2,114.1,-0.14,2007,Dallas Mavericks
16,22,60,.268,29.0,110.7,118.6,-7.62,2007,Houston Rockets
17,22,60,.268,29.0,113.0,123.1,-9.82,2007,San Antonio Spurs
0,57,25,.695,—,117.9,111.4,6.38,2008,Boston Celtics*
1,54,28,.659,3.0,115.2,110.9,4.37,2008,Philadelphia 76ers*
2,47,35,.573,10.0,116.0,113.1,2.99,2008,New York Knicks*
3,45,37,.549,12.0,113.4,112.5,1.03,2008,Brooklyn Nets*
4,41,41,.500,16.0,112.9,111.4,1.59,2008,Toronto Raptors*
5,Central Division,Central Division,Central Division,Central Division,Central Division,Central Division,Central Division,2008,Central Division
6,58,24,.707,—,116.9,113.3,3.61,2008,Milwaukee Bucks*
7,51,31,.622,7.0,112.3,106.9,5.23,2008,Cleveland Cavaliers*
8,40,42,.488,18.0,113.1,111.8,1.37,2008,Chicago Bulls*
9,35,47,.427,23.0,116.3,119.5,-2.91,2008,Indiana Pacers
10,17,65,.207,41.0,110.3,118.5,-7.73,2008,Detroit Pistons
11,Southeast Division,Southeast Division,Southeast Division,Southeast Division,Southeast Division,Southeast Division,Southeast Division,2008,Southeast Division
12,44,38,.537,—,109.5,109.8,-0.13,2008,Miami Heat*
13,41,41,.500,3.0,118.4,118.1,0.32,2008,Atlanta Hawks*
14,35,47,.427,9.0,113.2,114.4,-1.06,2008,Washington Wizards
15,34,48,.415,10.0,111.4,114.0,-2.39,2008,Orlando Magic
16,27,55,.329,17.0,111.0,117.2,-5.89,2008,Charlotte Hornets
0,Northwest Division,Northwest Division,Northwest Division,Northwest Division,Northwest Division,Northwest Division,Northwest Division,2008,Northwest Division
1,53,29,.646,—,115.8,112.5,3.04,2008,Denver Nuggets*
2,42,40,.512,11.0,115.8,115.8,-0.22,2008,Minnesota Timberwolves*
3,40,42,.488,13.0,117.5,116.4,0.96,2008,Oklahoma City Thunder*
4,37,45,.451,16.0,117.1,118.0,-1.03,2008,Utah Jazz
5,33,49,.402,20.0,113.4,117.4,-3.96,2008,Portland Trail Blazers
6,Pacific Division,Pacific Division,Pacific Division,Pacific Division,Pacific Division,Pacific Division,Pacific Division,2008,Pacific Division
7,48,34,.585,—,120.7,118.1,2.30,2008,Sacramento Kings*
8,45,37,.549,3.0,113.6,111.6,2.08,2008,Phoenix Suns*
9,44,38,.537,4.0,113.6,113.1,0.31,2008,Los Angeles Clippers*
10,44,38,.537,4.0,118.9,117.1,1.66,2008,Golden State Warriors*
11,43,39,.524,5.0,117.2,116.6,0.43,2008,Los Angeles Lakers*
12,Southwest Division,Southwest Division,Southwest Division,Southwest Division,Southwest Division,Southwest Division,Southwest Division,2008,Southwest Division
13,51,31,.622,—,116.9,113.0,3.60,2008,Memphis Grizzlies*
14,42,40,.512,9.0,114.4,112.5,1.63,2008,New Orleans Pelicans*
15,38,44,.463,13.0,114.2,114.1,-0.14,2008,Dallas Mavericks
16,22,60,.268,29.0,110.7,118.6,-7.62,2008,Houston Rockets
17,22,60,.268,29.0,113.0,123.1,-9.82,2008,San Antonio Spurs
0,57,25,.695,—,117.9,111.4,6.38,2009,Boston Celtics*
1,54,28,.659,3.0,115.2,110.9,4.37,2009,Philadelphia 76ers*
2,47,35,.573,10.0,116.0,113.1,2.99,2009,New York Knicks*
3,45,37,.549,12.0,113.4,112.5,1.03,2009,Brooklyn Nets*
4,41,41,.500,16.0,112.9,111.4,1.59,2009,Toronto Raptors*
5,Central Division,Central Division,Central Division,Central Division,Central Division,Central Division,Central Division,2009,Central Division
6,58,24,.707,—,116.9,113.3,3.61,2009,Milwaukee Bucks*
7,51,31,.622,7.0,112.3,106.9,5.23,2009,Cleveland Cavaliers*
8,40,42,.488,18.0,113.1,111.8,1.37,2009,Chicago Bulls*
9,35,47,.427,23.0,116.3,119.5,-2.91,2009,Indiana Pacers
10,17,65,.207,41.0,110.3,118.5,-7.73,2009,Detroit Pistons
11,Southeast Division,Southeast Division,Southeast Division,Southeast Division,Southeast Division,Southeast Division,Southeast Division,2009,Southeast Division
12,44,38,.537,—,109.5,109.8,-0.13,2009,Miami Heat*
13,41,41,.500,3.0,118.4,118.1,0.32,2009,Atlanta Hawks*
14,35,47,.427,9.0,113.2,114.4,-1.06,2009,Washington Wizards
15,34,48,.415,10.0,111.4,114.0,-2.39,2009,Orlando Magic
16,27,55,.329,17.0,111.0,117.2,-5.89,2009,Charlotte Hornets
0,Northwest Division,Northwest Division,Northwest Division,Northwest Division,Northwest Division,Northwest Division,Northwest Division,2009,Northwest Division
1,53,29,.646,—,115.8,112.5,3.04,2009,Denver Nuggets*
2,42,40,.512,11.0,115.8,115.8,-0.22,2009,Minnesota Timberwolves*
3,40,42,.488,13.0,117.5,116.4,0.96,2009,Oklahoma City Thunder*
4,37,45,.451,16.0,117.1,118.0,-1.03,2009,Utah Jazz
5,33,49,.402,20.0,113.4,117.4,-3.96,2009,Portland Trail Blazers
6,Pacific Division,Pacific Division,Pacific Division,Pacific Division,Pacific Division,Pacific Division,Pacific Division,2009,Pacific Division
7,48,34,.585,—,120.7,118.1,2.30,2009,Sacramento Kings*
8,45,37,.549,3.0,113.6,111.6,2.08,2009,Phoenix Suns*
9,44,38,.537,4.0,113.6,113.1,0.31,2009,Los Angeles Clippers*
10,44,38,.537,4.0,118.9,117.1,1.66,2009,Golden State Warriors*
11,43,39,.524,5.0,117.2,116.6,0.43,2009,Los Angeles Lakers*
12,Southwest Division,Southwest Division,Southwest Division,Southwest Division,Southwest Division,Southwest Division,Southwest Division,2009,Southwest Division
13,51,31,.622,—,116.9,113.0,3.60,2009,Memphis Grizzlies*
14,42,40,.512,9.0,114.4,112.5,1.63,2009,New Orleans Pelicans*
15,38,44,.463,13.0,114.2,114.1,-0.14,2009,Dallas Mavericks
16,22,60,.268,29.0,110.7,118.6,-7.62,2009,Houston Rockets
17,22,60,.268,29.0,113.0,123.1,-9.82,2009,San Antonio Spurs
0,57,25,.695,—,117.9,111.4,6.38,2010,Boston Celtics*
1,54,28,.659,3.0,115.2,110.9,4.37,2010,Philadelphia 76ers*
2,47,35,.573,10.0,116.0,113.1,2.99,2010,New York Knicks*
3,45,37,.549,12.0,113.4,112.5,1.03,2010,Brooklyn Nets*
4,41,41,.500,16.0,112.9,111.4,1.59,2010,Toronto Raptors*
5,Central Division,Central Division,Central Division,Central Division,Central Division,Central Division,Central Division,2010,Central Division
6,58,24,.707,—,116.9,113.3,3.61,2010,Milwaukee Bucks*
7,51,31,.622,7.0,112.3,106.9,5.23,2010,Cleveland Cavaliers*
8,40,42,.488,18.0,113.1,111.8,1.37,2010,Chicago Bulls*
9,35,47,.427,23.0,116.3,119.5,-2.91,2010,Indiana Pacers
10,17,65,.207,41.0,110.3,118.5,-7.73,2010,Detroit Pistons
11,Southeast Division,Southeast Division,Southeast Division,Southeast Division,Southeast Division,Southeast Division,Southeast Division,2010,Southeast Division
12,44,38,.537,—,109.5,109.8,-0.13,2010,Miami Heat*
13,41,41,.500,3.0,118.4,118.1,0.32,2010,Atlanta Hawks*
14,35,47,.427,9.0,113.2,114.4,-1.06,2010,Washington Wizards
15,34,48,.415,10.0,111.4,114.0,-2.39,2010,Orlando Magic
16,27,55,.329,17.0,111.0,117.2,-5.89,2010,Charlotte Hornets
0,Northwest Division,Northwest Division,Northwest Division,Northwest Division,Northwest Division,Northwest Division,Northwest Division,2010,Northwest Division
1,53,29,.646,—,115.8,112.5,3.04,2010,Denver Nuggets*
2,42,40,.512,11.0,115.8,115.8,-0.22,2010,Minnesota Timberwolves*
3,40,42,.488,13.0,117.5,116.4,0.96,2010,Oklahoma City Thunder*
4,37,45,.451,16.0,117.1,118.0,-1.03,2010,Utah Jazz
5,33,49,.402,20.0,113.4,117.4,-3.96,2010,Portland Trail Blazers
6,Pacific Division,Pacific Division,Pacific Division,Pacific Division,Pacific Division,Pacific Division,Pacific Division,2010,Pacific Division
7,48,34,.585,—,120.7,118.1,2.30,2010,Sacramento Kings*
8,45,37,.549,3.0,113.6,111.6,2.08,2010,Phoenix Suns*
9,44,38,.537,4.0,113.6,113.1,0.31,2010,Los Angeles Clippers*
10,44,38,.537,4.0,118.9,117.1,1.66,2010,Golden State Warriors*
11,43,39,.524,5.0,117.2,116.6,0.43,2010,Los Angeles Lakers*
12,Southwest Division,Southwest Division,Southwest Division,Southwest Division,Southwest Division,Southwest Division,Southwest Division,2010,Southwest Division
13,51,31,.622,—,116.9,113.0,3.60,2010,Memphis Grizzlies*
14,42,40,.512,9.0,114.4,112.5,1.63,2010,New Orleans Pelicans*
15,38,44,.463,13.0,114.2,114.1,-0.14,2010,Dallas Mavericks
16,22,60,.268,29.0,110.7,118.6,-7.62,2010,Houston Rockets
17,22,60,.268,29.0,113.0,123.1,-9.82,2010,San Antonio Spurs
0,57,25,.695,—,117.9,111.4,6.38,2011,Boston Celtics*
1,54,28,.659,3.0,115.2,110.9,4.37,2011,Philadelphia 76ers*
2,47,35,.573,10.0,116.0,113.1,2.99,2011,New York Knicks*
3,45,37,.549,12.0,113.4,112.5,1.03,2011,Brooklyn Nets*
4,41,41,.500,16.0,112.9,111.4,1.59,2011,Toronto Raptors*
5,Central Division,Central Division,Central Division,Central Division,Central Division,Central Division,Central Division,2011,Central Division
6,58,24,.707,—,116.9,113.3,3.61,2011,Milwaukee Bucks*
7,51,31,.622,7.0,112.3,106.9,5.23,2011,Cleveland Cavaliers*
8,40,42,.488,18.0,113.1,111.8,1.37,2011,Chicago Bulls*
9,35,47,.427,23.0,116.3,119.5,-2.91,2011,Indiana Pacers
10,17,65,.207,41.0,110.3,118.5,-7.73,2011,Detroit Pistons
11,Southeast Division,Southeast Division,Southeast Division,Southeast Division,Southeast Division,Southeast Division,Southeast Division,2011,Southeast Division
12,44,38,.537,—,109.5,109.8,-0.13,2011,Miami Heat*
13,41,41,.500,3.0,118.4,118.1,0.32,2011,Atlanta Hawks*
14,35,47,.427,9.0,113.2,114.4,-1.06,2011,Washington Wizards
15,34,48,.415,10.0,111.4,114.0,-2.39,2011,Orlando Magic
16,27,55,.329,17.0,111.0,117.2,-5.89,2011,Charlotte Hornets
0,Northwest Division,Northwest Division,Northwest Division,Northwest Division,Northwest Division,Northwest Division,Northwest Division,2011,Northwest Division
1,53,29,.646,—,115.8,112.5,3.04,2011,Denver Nuggets*
2,42,40,.512,11.0,115.8,115.8,-0.22,2011,Minnesota Timberwolves*
3,40,42,.488,13.0,117.5,116.4,0.96,2011,Oklahoma City Thunder*
4,37,45,.451,16.0,117.1,118.0,-1.03,2011,Utah Jazz
5,33,49,.402,20.0,113.4,117.4,-3.96,2011,Portland Trail Blazers
6,Pacific Division,Pacific Division,Pacific Division,Pacific Division,Pacific Division,Pacific Division,Pacific Division,2011,Pacific Division
7,48,34,.585,—,120.7,118.1,2.30,2011,Sacramento Kings*
8,45,37,.549,3.0,113.6,111.6,2.08,2011,Phoenix Suns*
9,44,38,.537,4.0,113.6,113.1,0.31,2011,Los Angeles Clippers*
10,44,38,.537,4.0,118.9,117.1,1.66,2011,Golden State Warriors*
11,43,39,.524,5.0,117.2,116.6,0.43,2011,Los Angeles Lakers*
12,Southwest Division,Southwest Division,Southwest Division,Southwest Division,Southwest Division,Southwest Division,Southwest Division,2011,Southwest Division
13,51,31,.622,—,116.9,113.0,3.60,2011,Memphis Grizzlies*
14,42,40,.512,9.0,114.4,112.5,1.63,2011,New Orleans Pelicans*
15,38,44,.463,13.0,114.2,114.1,-0.14,2011,Dallas Mavericks
16,22,60,.268,29.0,110.7,118.6,-7.62,2011,Houston Rockets
17,22,60,.268,29.0,113.0,123.1,-9.82,2011,San Antonio Spurs
0,57,25,.695,—,117.9,111.4,6.38,2012,Boston Celtics*
1,54,28,.659,3.0,115.2,110.9,4.37,2012,Philadelphia 76ers*
2,47,35,.573,10.0,116.0,113.1,2.99,2012,New York Knicks*
3,45,37,.549,12.0,113.4,112.5,1.03,2012,Brooklyn Nets*
4,41,41,.500,16.0,112.9,111.4,1.59,2012,Toronto Raptors*
5,Central Division,Central Division,Central Division,Central Division,Central Division,Central Division,Central Division,2012,Central Division
6,58,24,.707,—,116.9,113.3,3.61,2012,Milwaukee Bucks*
7,51,31,.622,7.0,112.3,106.9,5.23,2012,Cleveland Cavaliers*
8,40,42,.488,18.0,113.1,111.8,1.37,2012,Chicago Bulls*
9,35,47,.427,23.0,116.3,119.5,-2.91,2012,Indiana Pacers
10,17,65,.207,41.0,110.3,118.5,-7.73,2012,Detroit Pistons
11,Southeast Division,Southeast Division,Southeast Division,Southeast Division,Southeast Division,Southeast Division,Southeast Division,2012,Southeast Division
12,44,38,.537,—,109.5,109.8,-0.13,2012,Miami Heat*
13,41,41,.500,3.0,118.4,118.1,0.32,2012,Atlanta Hawks*
14,35,47,.427,9.0,113.2,114.4,-1.06,2012,Washington Wizards
15,34,48,.415,10.0,111.4,114.0,-2.39,2012,Orlando Magic
16,27,55,.329,17.0,111.0,117.2,-5.89,2012,Charlotte Hornets
0,Northwest Division,Northwest Division,Northwest Division,Northwest Division,Northwest Division,Northwest Division,Northwest Division,2012,Northwest Division
1,53,29,.646,—,115.8,112.5,3.04,2012,Denver Nuggets*
2,42,40,.512,11.0,115.8,115.8,-0.22,2012,Minnesota Timberwolves*
3,40,42,.488,13.0,117.5,116.4,0.96,2012,Oklahoma City Thunder*
4,37,45,.451,16.0,117.1,118.0,-1.03,2012,Utah Jazz
5,33,49,.402,20.0,113.4,117.4,-3.96,2012,Portland Trail Blazers
6,Pacific Division,Pacific Division,Pacific Division,Pacific Division,Pacific Division,Pacific Division,Pacific Division,2012,Pacific Division
7,48,34,.585,—,120.7,118.1,2.30,2012,Sacramento Kings*
8,45,37,.549,3.0,113.6,111.6,2.08,2012,Phoenix Suns*
9,44,38,.537,4.0,113.6,113.1,0.31,2012,Los Angeles Clippers*
10,44,38,.537,4.0,118.9,117.1,1.66,2012,Golden State Warriors*
11,43,39,.524,5.0,117.2,116.6,0.43,2012,Los Angeles Lakers*
12,Southwest Division,Southwest Division,Southwest Division,Southwest Division,Southwest Division,Southwest Division,Southwest Division,2012,Southwest Division
13,51,31,.622,—,116.9,113.0,3.60,2012,Memphis Grizzlies*
14,42,40,.512,9.0,114.4,112.5,1.63,2012,New Orleans Pelicans*
15,38,44,.463,13.0,114.2,114.1,-0.14,2012,Dallas Mavericks
16,22,60,.268,29.0,110.7,118.6,-7.62,2012,Houston Rockets
17,22,60,.268,29.0,113.0,123.1,-9.82,2012,San Antonio Spurs
0,57,25,.695,—,117.9,111.4,6.38,2013,Boston Celtics*
1,54,28,.659,3.0,115.2,110.9,4.37,2013,Philadelphia 76ers*
2,47,35,.573,10.0,116.0,113.1,2.99,2013,New York Knicks*
3,45,37,.549,12.0,113.4,112.5,1.03,2013,Brooklyn Nets*
4,41,41,.500,16.0,112.9,111.4,1.59,2013,Toronto Raptors*
5,Central Division,Central Division,Central Division,Central Division,Central Division,Central Division,Central Division,2013,Central Division
6,58,24,.707,—,116.9,113.3,3.61,2013,Milwaukee Bucks*
7,51,31,.622,7.0,112.3,106.9,5.23,2013,Cleveland Cavaliers*
8,40,42,.488,18.0,113.1,111.8,1.37,2013,Chicago Bulls*
9,35,47,.427,23.0,116.3,119.5,-2.91,2013,Indiana Pacers
10,17,65,.207,41.0,110.3,118.5,-7.73,2013,Detroit Pistons
11,Southeast Division,Southeast Division,Southeast Division,Southeast Division,Southeast Division,Southeast Division,Southeast Division,2013,Southeast Division
12,44,38,.537,—,109.5,109.8,-0.13,2013,Miami Heat*
13,41,41,.500,3.0,118.4,118.1,0.32,2013,Atlanta Hawks*
14,35,47,.427,9.0,113.2,114.4,-1.06,2013,Washington Wizards
15,34,48,.415,10.0,111.4,114.0,-2.39,2013,Orlando Magic
16,27,55,.329,17.0,111.0,117.2,-5.89,2013,Charlotte Hornets
0,Northwest Division,Northwest Division,Northwest Division,Northwest Division,Northwest Division,Northwest Division,Northwest Division,2013,Northwest Division
1,53,29,.646,—,115.8,112.5,3.04,2013,Denver Nuggets*
2,42,40,.512,11.0,115.8,115.8,-0.22,2013,Minnesota Timberwolves*
3,40,42,.488,13.0,117.5,116.4,0.96,2013,Oklahoma City Thunder*
4,37,45,.451,16.0,117.1,118.0,-1.03,2013,Utah Jazz
5,33,49,.402,20.0,113.4,117.4,-3.96,2013,Portland Trail Blazers
6,Pacific Division,Pacific Division,Pacific Division,Pacific Division,Pacific Division,Pacific Division,Pacific Division,2013,Pacific Division
7,48,34,.585,—,120.7,118.1,2.30,2013,Sacramento Kings*
8,45,37,.549,3.0,113.6,111.6,2.08,2013,Phoenix Suns*
9,44,38,.537,4.0,113.6,113.1,0.31,2013,Los Angeles Clippers*
10,44,38,.537,4.0,118.9,117.1,1.66,2013,Golden State Warriors*
11,43,39,.524,5.0,117.2,116.6,0.43,2013,Los Angeles Lakers*
12,Southwest Division,Southwest Division,Southwest Division,Southwest Division,Southwest Division,Southwest Division,Southwest Division,2013,Southwest Division
13,51,31,.622,—,116.9,113.0,3.60,2013,Memphis Grizzlies*
14,42,40,.512,9.0,114.4,112.5,1.63,2013,New Orleans Pelicans*
15,38,44,.463,13.0,114.2,114.1,-0.14,2013,Dallas Mavericks
16,22,60,.268,29.0,110.7,118.6,-7.62,2013,Houston Rockets
17,22,60,.268,29.0,113.0,123.1,-9.82,2013,San Antonio Spurs
0,57,25,.695,—,117.9,111.4,6.38,2014,Boston Celtics*
1,54,28,.659,3.0,115.2,110.9,4.37,2014,Philadelphia 76ers*
2,47,35,.573,10.0,116.0,113.1,2.99,2014,New York Knicks*
3,45,37,.549,12.0,113.4,112.5,1.03,2014,Brooklyn Nets*
4,41,41,.500,16.0,112.9,111.4,1.59,2014,Toronto Raptors*
5,Central Division,Central Division,Central Division,Central Division,Central Division,Central Division,Central Division,2014,Central Division
6,58,24,.707,—,116.9,113.3,3.61,2014,Milwaukee Bucks*
7,51,31,.622,7.0,112.3,106.9,5.23,2014,Cleveland Cavaliers*
8,40,42,.488,18.0,113.1,111.8,1.37,2014,Chicago Bulls*
9,35,47,.427,23.0,116.3,119.5,-2.91,2014,Indiana Pacers
10,17,65,.207,41.0,110.3,118.5,-7.73,2014,Detroit Pistons
11,Southeast Division,Southeast Division,Southeast Division,Southeast Division,Southeast Division,Southeast Division,Southeast Division,2014,Southeast Division
12,44,38,.537,—,109.5,109.8,-0.13,2014,Miami Heat*
13,41,41,.500,3.0,118.4,118.1,0.32,2014,Atlanta Hawks*
14,35,47,.427,9.0,113.2,114.4,-1.06,2014,Washington Wizards
15,34,48,.415,10.0,111.4,114.0,-2.39,2014,Orlando Magic
16,27,55,.329,17.0,111.0,117.2,-5.89,2014,Charlotte Hornets
0,Northwest Division,Northwest Division,Northwest Division,Northwest Division,Northwest Division,Northwest Division,Northwest Division,2014,Northwest Division
1,53,29,.646,—,115.8,112.5,3.04,2014,Denver Nuggets*
2,42,40,.512,11.0,115.8,115.8,-0.22,2014,Minnesota Timberwolves*
3,40,42,.488,13.0,117.5,116.4,0.96,2014,Oklahoma City Thunder*
4,37,45,.451,16.0,117.1,118.0,-1.03,2014,Utah Jazz
5,33,49,.402,20.0,113.4,117.4,-3.96,2014,Portland Trail Blazers
6,Pacific Division,Pacific Division,Pacific Division,Pacific Division,Pacific Division,Pacific Division,Pacific Division,2014,Pacific Division
7,48,34,.585,—,120.7,118.1,2.30,2014,Sacramento Kings*
8,45,37,.549,3.0,113.6,111.6,2.08,2014,Phoenix Suns*
9,44,38,.537,4.0,113.6,113.1,0.31,2014,Los Angeles Clippers*
10,44,38,.537,4.0,118.9,117.1,1.66,2014,Golden State Warriors*
11,43,39,.524,5.0,117.2,116.6,0.43,2014,Los Angeles Lakers*
12,Southwest Division,Southwest Division,Southwest Division,Southwest Division,Southwest Division,Southwest Division,Southwest Division,2014,Southwest Division
13,51,31,.622,—,116.9,113.0,3.60,2014,Memphis Grizzlies*
14,42,40,.512,9.0,114.4,112.5,1.63,2014,New Orleans Pelicans*
15,38,44,.463,13.0,114.2,114.1,-0.14,2014,Dallas Mavericks
16,22,60,.268,29.0,110.7,118.6,-7.62,2014,Houston Rockets
17,22,60,.268,29.0,113.0,123.1,-9.82,2014,San Antonio Spurs
0,57,25,.695,—,117.9,111.4,6.38,2015,Boston Celtics*
1,54,28,.659,3.0,115.2,110.9,4.37,2015,Philadelphia 76ers*
2,47,35,.573,10.0,116.0,113.1,2.99,2015,New York Knicks*
3,45,37,.549,12.0,113.4,112.5,1.03,2015,Brooklyn Nets*
4,41,41,.500,16.0,112.9,111.4,1.59,2015,Toronto Raptors*
5,Central Division,Central Division,Central Division,Central Division,Central Division,Central Division,Central Division,2015,Central Division
6,58,24,.707,—,116.9,113.3,3.61,2015,Milwaukee Bucks*
7,51,31,.622,7.0,112.3,106.9,5.23,2015,Cleveland Cavaliers*
8,40,42,.488,18.0,113.1,111.8,1.37,2015,Chicago Bulls*
9,35,47,.427,23.0,116.3,119.5,-2.91,2015,Indiana Pacers
10,17,65,.207,41.0,110.3,118.5,-7.73,2015,Detroit Pistons
11,Southeast Division,Southeast Division,Southeast Division,Southeast Division,Southeast Division,Southeast Division,Southeast Division,2015,Southeast Division
12,44,38,.537,—,109.5,109.8,-0.13,2015,Miami Heat*
13,41,41,.500,3.0,118.4,118.1,0.32,2015,Atlanta Hawks*
14,35,47,.427,9.0,113.2,114.4,-1.06,2015,Washington Wizards
15,34,48,.415,10.0,111.4,114.0,-2.39,2015,Orlando Magic
16,27,55,.329,17.0,111.0,117.2,-5.89,2015,Charlotte Hornets
0,Northwest Division,Northwest Division,Northwest Division,Northwest Division,Northwest Division,Northwest Division,Northwest Division,2015,Northwest Division
1,53,29,.646,—,115.8,112.5,3.04,2015,Denver Nuggets*
2,42,40,.512,11.0,115.8,115.8,-0.22,2015,Minnesota Timberwolves*
3,40,42,.488,13.0,117.5,116.4,0.96,2015,Oklahoma City Thunder*
4,37,45,.451,16.0,117.1,118.0,-1.03,2015,Utah Jazz
5,33,49,.402,20.0,113.4,117.4,-3.96,2015,Portland Trail Blazers
6,Pacific Division,Pacific Division,Pacific Division,Pacific Division,Pacific Division,Pacific Division,Pacific Division,2015,Pacific Division
7,48,34,.585,—,120.7,118.1,2.30,2015,Sacramento Kings*
8,45,37,.549,3.0,113.6,111.6,2.08,2015,Phoenix Suns*
9,44,38,.537,4.0,113.6,113.1,0.31,2015,Los Angeles Clippers*
10,44,38,.537,4.0,118.9,117.1,1.66,2015,Golden State Warriors*
11,43,39,.524,5.0,117.2,116.6,0.43,2015,Los Angeles Lakers*
12,Southwest Division,Southwest Division,Southwest Division,Southwest Division,Southwest Division,Southwest Division,Southwest Division,2015,Southwest Division
13,51,31,.622,—,116.9,113.0,3.60,2015,Memphis Grizzlies*
14,42,40,.512,9.0,114.4,112.5,1.63,2015,New Orleans Pelicans*
15,38,44,.463,13.0,114.2,114.1,-0.14,2015,Dallas Mavericks
16,22,60,.268,29.0,110.7,118.6,-7.62,2015,Houston Rockets
17,22,60,.268,29.0,113.0,123.1,-9.82,2015,San Antonio Spurs
0,57,25,.695,—,117.9,111.4,6.38,2016,Boston Celtics*
1,54,28,.659,3.0,115.2,110.9,4.37,2016,Philadelphia 76ers*
2,47,35,.573,10.0,116.0,113.1,2.99,2016,New York Knicks*
3,45,37,.549,12.0,113.4,112.5,1.03,2016,Brooklyn Nets*
4,41,41,.500,16.0,112.9,111.4,1.59,2016,Toronto Raptors*
5,Central Division,Central Division,Central Division,Central Division,Central Division,Central Division,Central Division,2016,Central Division
6,58,24,.707,—,116.9,113.3,3.61,2016,Milwaukee Bucks*
7,51,31,.622,7.0,112.3,106.9,5.23,2016,Cleveland Cavaliers*
8,40,42,.488,18.0,113.1,111.8,1.37,2016,Chicago Bulls*
9,35,47,.427,23.0,116.3,119.5,-2.91,2016,Indiana Pacers
10,17,65,.207,41.0,110.3,118.5,-7.73,2016,Detroit Pistons
11,Southeast Division,Southeast Division,Southeast Division,Southeast Division,Southeast Division,Southeast Division,Southeast Division,2016,Southeast Division
12,44,38,.537,—,109.5,109.8,-0.13,2016,Miami Heat*
13,41,41,.500,3.0,118.4,118.1,0.32,2016,Atlanta Hawks*
14,35,47,.427,9.0,113.2,114.4,-1.06,2016,Washington Wizards
15,34,48,.415,10.0,111.4,114.0,-2.39,2016,Orlando Magic
16,27,55,.329,17.0,111.0,117.2,-5.89,2016,Charlotte Hornets
0,Northwest Division,Northwest Division,Northwest Division,Northwest Division,Northwest Division,Northwest Division,Northwest Division,2016,Northwest Division
1,53,29,.646,—,115.8,112.5,3.04,2016,Denver Nuggets*
2,42,40,.512,11.0,115.8,115.8,-0.22,2016,Minnesota Timberwolves*
3,40,42,.488,13.0,117.5,116.4,0.96,2016,Oklahoma City Thunder*
4,37,45,.451,16.0,117.1,118.0,-1.03,2016,Utah Jazz
5,33,49,.402,20.0,113.4,117.4,-3.96,2016,Portland Trail Blazers
6,Pacific Division,Pacific Division,Pacific Division,Pacific Division,Pacific Division,Pacific Division,Pacific Division,2016,Pacific Division
7,48,34,.585,—,120.7,118.1,2.30,2016,Sacramento Kings*
8,45,37,.549,3.0,113.6,111.6,2.08,2016,Phoenix Suns*
9,44,38,.537,4.0,113.6,113.1,0.31,2016,Los Angeles Clippers*
10,44,38,.537,4.0,118.9,117.1,1.66,2016,Golden State Warriors*
11,43,39,.524,5.0,117.2,116.6,0.43,2016,Los Angeles Lakers*
12,Southwest Division,Southwest Division,Southwest Division,Southwest Division,Southwest Division,Southwest Division,Southwest Division,2016,Southwest Division
13,51,31,.622,—,116.9,113.0,3.60,2016,Memphis Grizzlies*
14,42,40,.512,9.0,114.4,112.5,1.63,2016,New Orleans Pelicans*
15,38,44,.463,13.0,114.2,114.1,-0.14,2016,Dallas Mavericks
16,22,60,.268,29.0,110.7,118.6,-7.62,2016,Houston Rockets
17,22,60,.268,29.0,113.0,123.1,-9.82,2016,San Antonio Spurs
0,57,25,.695,—,117.9,111.4,6.38,2017,Boston Celtics*
1,54,28,.659,3.0,115.2,110.9,4.37,2017,Philadelphia 76ers*
2,47,35,.573,10.0,116.0,113.1,2.99,2017,New York Knicks*
3,45,37,.549,12.0,113.4,112.5,1.03,2017,Brooklyn Nets*
4,41,41,.500,16.0,112.9,111.4,1.59,2017,Toronto Raptors*
5,Central Division,Central Division,Central Division,Central Division,Central Division,Central Division,Central Division,2017,Central Division
6,58,24,.707,—,116.9,113.3,3.61,2017,Milwaukee Bucks*
7,51,31,.622,7.0,112.3,106.9,5.23,2017,Cleveland Cavaliers*
8,40,42,.488,18.0,113.1,111.8,1.37,2017,Chicago Bulls*
9,35,47,.427,23.0,116.3,119.5,-2.91,2017,Indiana Pacers
10,17,65,.207,41.0,110.3,118.5,-7.73,2017,Detroit Pistons
11,Southeast Division,Southeast Division,Southeast Division,Southeast Division,Southeast Division,Southeast Division,Southeast Division,2017,Southeast Division
12,44,38,.537,—,109.5,109.8,-0.13,2017,Miami Heat*
13,41,41,.500,3.0,118.4,118.1,0.32,2017,Atlanta Hawks*
14,35,47,.427,9.0,113.2,114.4,-1.06,2017,Washington Wizards
15,34,48,.415,10.0,111.4,114.0,-2.39,2017,Orlando Magic
16,27,55,.329,17.0,111.0,117.2,-5.89,2017,Charlotte Hornets
0,Northwest Division,Northwest Division,Northwest Division,Northwest Division,Northwest Division,Northwest Division,Northwest Division,2017,Northwest Division
1,53,29,.646,—,115.8,112.5,3.04,2017,Denver Nuggets*
2,42,40,.512,11.0,115.8,115.8,-0.22,2017,Minnesota Timberwolves*
3,40,42,.488,13.0,117.5,116.4,0.96,2017,Oklahoma City Thunder*
4,37,45,.451,16.0,117.1,118.0,-1.03,2017,Utah Jazz
5,33,49,.402,20.0,113.4,117.4,-3.96,2017,Portland Trail Blazers
6,Pacific Division,Pacific Division,Pacific Division,Pacific Division,Pacific Division,Pacific Division,Pacific Division,2017,Pacific Division
7,48,34,.585,—,120.7,118.1,2.30,2017,Sacramento Kings*
8,45,37,.549,3.0,113.6,111.6,2.08,2017,Phoenix Suns*
9,44,38,.537,4.0,113.6,113.1,0.31,2017,Los Angeles Clippers*
10,44,38,.537,4.0,118.9,117.1,1.66,2017,Golden State Warriors*
11,43,39,.524,5.0,117.2,116.6,0.43,2017,Los Angeles Lakers*
12,Southwest Division,Southwest Division,Southwest Division,Southwest Division,Southwest Division,Southwest Division,Southwest Division,2017,Southwest Division
13,51,31,.622,—,116.9,113.0,3.60,2017,Memphis Grizzlies*
14,42,40,.512,9.0,114.4,112.5,1.63,2017,New Orleans Pelicans*
15,38,44,.463,13.0,114.2,114.1,-0.14,2017,Dallas Mavericks
16,22,60,.268,29.0,110.7,118.6,-7.62,2017,Houston Rockets
17,22,60,.268,29.0,113.0,123.1,-9.82,2017,San Antonio Spurs
0,57,25,.695,—,117.9,111.4,6.38,2018,Boston Celtics*
1,54,28,.659,3.0,115.2,110.9,4.37,2018,Philadelphia 76ers*
2,47,35,.573,10.0,116.0,113.1,2.99,2018,New York Knicks*
3,45,37,.549,12.0,113.4,112.5,1.03,2018,Brooklyn Nets*
4,41,41,.500,16.0,112.9,111.4,1.59,2018,Toronto Raptors*
5,Central Division,Central Division,Central Division,Central Division,Central Division,Central Division,Central Division,2018,Central Division
6,58,24,.707,—,116.9,113.3,3.61,2018,Milwaukee Bucks*
7,51,31,.622,7.0,112.3,106.9,5.23,2018,Cleveland Cavaliers*
8,40,42,.488,18.0,113.1,111.8,1.37,2018,Chicago Bulls*
9,35,47,.427,23.0,116.3,119.5,-2.91,2018,Indiana Pacers
10,17,65,.207,41.0,110.3,118.5,-7.73,2018,Detroit Pistons
11,Southeast Division,Southeast Division,Southeast Division,Southeast Division,Southeast Division,Southeast Division,Southeast Division,2018,Southeast Division
12,44,38,.537,—,109.5,109.8,-0.13,2018,Miami Heat*
13,41,41,.500,3.0,118.4,118.1,0.32,2018,Atlanta Hawks*
14,35,47,.427,9.0,113.2,114.4,-1.06,2018,Washington Wizards
15,34,48,.415,10.0,111.4,114.0,-2.39,2018,Orlando Magic
16,27,55,.329,17.0,111.0,117.2,-5.89,2018,Charlotte Hornets
0,Northwest Division,Northwest Division,Northwest Division,Northwest Division,Northwest Division,Northwest Division,Northwest Division,2018,Northwest Division
1,53,29,.646,—,115.8,112.5,3.04,2018,Denver Nuggets*
2,42,40,.512,11.0,115.8,115.8,-0.22,2018,Minnesota Timberwolves*
3,40,42,.488,13.0,117.5,116.4,0.96,2018,Oklahoma City Thunder*
4,37,45,.451,16.0,117.1,118.0,-1.03,2018,Utah Jazz
5,33,49,.402,20.0,113.4,117.4,-3.96,2018,Portland Trail Blazers
6,Pacific Division,Pacific Division,Pacific Division,Pacific Division,Pacific Division,Pacific Division,Pacific Division,2018,Pacific Division
7,48,34,.585,—,120.7,118.1,2.30,2018,Sacramento Kings*
8,45,37,.549,3.0,113.6,111.6,2.08,2018,Phoenix Suns*
9,44,38,.537,4.0,113.6,113.1,0.31,2018,Los Angeles Clippers*
10,44,38,.537,4.0,118.9,117.1,1.66,2018,Golden State Warriors*
11,43,39,.524,5.0,117.2,116.6,0.43,2018,Los Angeles Lakers*
12,Southwest Division,Southwest Division,Southwest Division,Southwest Division,Southwest Division,Southwest Division,Southwest Division,2018,Southwest Division
13,51,31,.622,—,116.9,113.0,3.60,2018,Memphis Grizzlies*
14,42,40,.512,9.0,114.4,112.5,1.63,2018,New Orleans Pelicans*
15,38,44,.463,13.0,114.2,114.1,-0.14,2018,Dallas Mavericks
16,22,60,.268,29.0,110.7,118.6,-7.62,2018,Houston Rockets
17,22,60,.268,29.0,113.0,123.1,-9.82,2018,San Antonio Spurs
0,57,25,.695,—,117.9,111.4,6.38,2019,Boston Celtics*
1,54,28,.659,3.0,115.2,110.9,4.37,2019,Philadelphia 76ers*
2,47,35,.573,10.0,116.0,113.1,2.99,2019,New York Knicks*
3,45,37,.549,12.0,113.4,112.5,1.03,2019,Brooklyn Nets*
4,41,41,.500,16.0,112.9,111.4,1.59,2019,Toronto Raptors*
5,Central Division,Central Division,Central Division,Central Division,Central Division,Central Division,Central Division,2019,Central Division
6,58,24,.707,—,116.9,113.3,3.61,2019,Milwaukee Bucks*
7,51,31,.622,7.0,112.3,106.9,5.23,2019,Cleveland Cavaliers*
8,40,42,.488,18.0,113.1,111.8,1.37,2019,Chicago Bulls*
9,35,47,.427,23.0,116.3,119.5,-2.91,2019,Indiana Pacers
10,17,65,.207,41.0,110.3,118.5,-7.73,2019,Detroit Pistons
11,Southeast Division,Southeast Division,Southeast Division,Southeast Division,Southeast Division,Southeast Division,Southeast Division,2019,Southeast Division
12,44,38,.537,—,109.5,109.8,-0.13,2019,Miami Heat*
13,41,41,.500,3.0,118.4,118.1,0.32,2019,Atlanta Hawks*
14,35,47,.427,9.0,113.2,114.4,-1.06,2019,Washington Wizards
15,34,48,.415,10.0,111.4,114.0,-2.39,2019,Orlando Magic
16,27,55,.329,17.0,111.0,117.2,-5.89,2019,Charlotte Hornets
0,Northwest Division,Northwest Division,Northwest Division,Northwest Division,Northwest Division,Northwest Division,Northwest Division,2019,Northwest Division
1,53,29,.646,—,115.8,112.5,3.04,2019,Denver Nuggets*
2,42,40,.512,11.0,115.8,115.8,-0.22,2019,Minnesota Timberwolves*
3,40,42,.488,13.0,117.5,116.4,0.96,2019,Oklahoma City Thunder*
4,37,45,.451,16.0,117.1,118.0,-1.03,2019,Utah Jazz
5,33,49,.402,20.0,113.4,117.4,-3.96,2019,Portland Trail Blazers
6,Pacific Division,Pacific Division,Pacific Division,Pacific Division,Pacific Division,Pacific Division,Pacific Division,2019,Pacific Division
7,48,34,.585,—,120.7,118.1,2.30,2019,Sacramento Kings*
8,45,37,.549,3.0,113.6,111.6,2.08,2019,Phoenix Suns*
9,44,38,.537,4.0,113.6,113.1,0.31,2019,Los Angeles Clippers*
10,44,38,.537,4.0,118.9,117.1,1.66,2019,Golden State Warriors*
11,43,39,.524,5.0,117.2,116.6,0.43,2019,Los Angeles Lakers*
12,Southwest Division,Southwest Division,Southwest Division,Southwest Division,Southwest Division,Southwest Division,Southwest Division,2019,Southwest Division
13,51,31,.622,—,116.9,113.0,3.60,2019,Memphis Grizzlies*
14,42,40,.512,9.0,114.4,112.5,1.63,2019,New Orleans Pelicans*
15,38,44,.463,13.0,114.2,114.1,-0.14,2019,Dallas Mavericks
16,22,60,.268,29.0,110.7,118.6,-7.62,2019,Houston Rockets
17,22,60,.268,29.0,113.0,123.1,-9.82,2019,San Antonio Spurs
0,57,25,.695,—,117.9,111.4,6.38,2020,Boston Celtics*
1,54,28,.659,3.0,115.2,110.9,4.37,2020,Philadelphia 76ers*
2,47,35,.573,10.0,116.0,113.1,2.99,2020,New York Knicks*
3,45,37,.549,12.0,113.4,112.5,1.03,2020,Brooklyn Nets*
4,41,41,.500,16.0,112.9,111.4,1.59,2020,Toronto Raptors*
5,Central Division,Central Division,Central Division,Central Division,Central Division,Central Division,Central Division,2020,Central Division
6,58,24,.707,—,116.9,113.3,3.61,2020,Milwaukee Bucks*
7,51,31,.622,7.0,112.3,106.9,5.23,2020,Cleveland Cavaliers*
8,40,42,.488,18.0,113.1,111.8,1.37,2020,Chicago Bulls*
9,35,47,.427,23.0,116.3,119.5,-2.91,2020,Indiana Pacers
10,17,65,.207,41.0,110.3,118.5,-7.73,2020,Detroit Pistons
11,Southeast Division,Southeast Division,Southeast Division,Southeast Division,Southeast Division,Southeast Division,Southeast Division,2020,Southeast Division
12,44,38,.537,—,109.5,109.8,-0.13,2020,Miami Heat*
13,41,41,.500,3.0,118.4,118.1,0.32,2020,Atlanta Hawks*
14,35,47,.427,9.0,113.2,114.4,-1.06,2020,Washington Wizards
15,34,48,.415,10.0,111.4,114.0,-2.39,2020,Orlando Magic
16,27,55,.329,17.0,111.0,117.2,-5.89,2020,Charlotte Hornets
0,Northwest Division,Northwest Division,Northwest Division,Northwest Division,Northwest Division,Northwest Division,Northwest Division,2020,Northwest Division
1,53,29,.646,—,115.8,112.5,3.04,2020,Denver Nuggets*
2,42,40,.512,11.0,115.8,115.8,-0.22,2020,Minnesota Timberwolves*
3,40,42,.488,13.0,117.5,116.4,0.96,2020,Oklahoma City Thunder*
4,37,45,.451,16.0,117.1,118.0,-1.03,2020,Utah Jazz
5,33,49,.402,20.0,113.4,117.4,-3.96,2020,Portland Trail Blazers
6,Pacific Division,Pacific Division,Pacific Division,Pacific Division,Pacific Division,Pacific Division,Pacific Division,2020,Pacific Division
7,48,34,.585,—,120.7,118.1,2.30,2020,Sacramento Kings*
8,45,37,.549,3.0,113.6,111.6,2.08,2020,Phoenix Suns*
9,44,38,.537,4.0,113.6,113.1,0.31,2020,Los Angeles Clippers*
10,44,38,.537,4.0,118.9,117.1,1.66,2020,Golden State Warriors*
11,43,39,.524,5.0,117.2,116.6,0.43,2020,Los Angeles Lakers*
12,Southwest Division,Southwest Division,Southwest Division,Southwest Division,Southwest Division,Southwest Division,Southwest Division,2020,Southwest Division
13,51,31,.622,—,116.9,113.0,3.60,2020,Memphis Grizzlies*
14,42,40,.512,9.0,114.4,112.5,1.63,2020,New Orleans Pelicans*
15,38,44,.463,13.0,114.2,114.1,-0.14,2020,Dallas Mavericks
16,22,60,.268,29.0,110.7,118.6,-7.62,2020,Houston Rockets
17,22,60,.268,29.0,113.0,123.1,-9.82,2020,San Antonio Spurs
0,57,25,.695,—,117.9,111.4,6.38,2021,Boston Celtics*
1,54,28,.659,3.0,115.2,110.9,4.37,2021,Philadelphia 76ers*
2,47,35,.573,10.0,116.0,113.1,2.99,2021,New York Knicks*
3,45,37,.549,12.0,113.4,112.5,1.03,2021,Brooklyn Nets*
4,41,41,.500,16.0,112.9,111.4,1.59,2021,Toronto Raptors*
5,Central Division,Central Division,Central Division,Central Division,Central Division,Central Division,Central Division,2021,Central Division
6,58,24,.707,—,116.9,113.3,3.61,2021,Milwaukee Bucks*
7,51,31,.622,7.0,112.3,106.9,5.23,2021,Cleveland Cavaliers*
8,40,42,.488,18.0,113.1,111.8,1.37,2021,Chicago Bulls*
9,35,47,.427,23.0,116.3,119.5,-2.91,2021,Indiana Pacers
10,17,65,.207,41.0,110.3,118.5,-7.73,2021,Detroit Pistons
11,Southeast Division,Southeast Division,Southeast Division,Southeast Division,Southeast Division,Southeast Division,Southeast Division,2021,Southeast Division
12,44,38,.537,—,109.5,109.8,-0.13,2021,Miami Heat*
13,41,41,.500,3.0,118.4,118.1,0.32,2021,Atlanta Hawks*
14,35,47,.427,9.0,113.2,114.4,-1.06,2021,Washington Wizards
15,34,48,.415,10.0,111.4,114.0,-2.39,2021,Orlando Magic
16,27,55,.329,17.0,111.0,117.2,-5.89,2021,Charlotte Hornets
0,Northwest Division,Northwest Division,Northwest Division,Northwest Division,Northwest Division,Northwest Division,Northwest Division,2021,Northwest Division
1,53,29,.646,—,115.8,112.5,3.04,2021,Denver Nuggets*
2,42,40,.512,11.0,115.8,115.8,-0.22,2021,Minnesota Timberwolves*
3,40,42,.488,13.0,117.5,116.4,0.96,2021,Oklahoma City Thunder*
4,37,45,.451,16.0,117.1,118.0,-1.03,2021,Utah Jazz
5,33,49,.402,20.0,113.4,117.4,-3.96,2021,Portland Trail Blazers
6,Pacific Division,Pacific Division,Pacific Division,Pacific Division,Pacific Division,Pacific Division,Pacific Division,2021,Pacific Division
7,48,34,.585,—,120.7,118.1,2.30,2021,Sacramento Kings*
8,45,37,.549,3.0,113.6,111.6,2.08,2021,Phoenix Suns*
9,44,38,.537,4.0,113.6,113.1,0.31,2021,Los Angeles Clippers*
10,44,38,.537,4.0,118.9,117.1,1.66,2021,Golden State Warriors*
11,43,39,.524,5.0,117.2,116.6,0.43,2021,Los Angeles Lakers*
12,Southwest Division,Southwest Division,Southwest Division,Southwest Division,Southwest Division,Southwest Division,Southwest Division,2021,Southwest Division
13,51,31,.622,—,116.9,113.0,3.60,2021,Memphis Grizzlies*
14,42,40,.512,9.0,114.4,112.5,1.63,2021,New Orleans Pelicans*
15,38,44,.463,13.0,114.2,114.1,-0.14,2021,Dallas Mavericks
16,22,60,.268,29.0,110.7,118.6,-7.62,2021,Houston Rockets
17,22,60,.268,29.0,113.0,123.1,-9.82,2021,San Antonio Spurs
0,57,25,.695,—,117.9,111.4,6.38,2022,Boston Celtics*
1,54,28,.659,3.0,115.2,110.9,4.37,2022,Philadelphia 76ers*
2,47,35,.573,10.0,116.0,113.1,2.99,2022,New York Knicks*
3,45,37,.549,12.0,113.4,112.5,1.03,2022,Brooklyn Nets*
4,41,41,.500,16.0,112.9,111.4,1.59,2022,Toronto Raptors*
5,Central Division,Central Division,Central Division,Central Division,Central Division,Central Division,Central Division,2022,Central Division
6,58,24,.707,—,116.9,113.3,3.61,2022,Milwaukee Bucks*
7,51,31,.622,7.0,112.3,106.9,5.23,2022,Cleveland Cavaliers*
8,40,42,.488,18.0,113.1,111.8,1.37,2022,Chicago Bulls*
9,35,47,.427,23.0,116.3,119.5,-2.91,2022,Indiana Pacers
10,17,65,.207,41.0,110.3,118.5,-7.73,2022,Detroit Pistons
11,Southeast Division,Southeast Division,Southeast Division,Southeast Division,Southeast Division,Southeast Division,Southeast Division,2022,Southeast Division
12,44,38,.537,—,109.5,109.8,-0.13,2022,Miami Heat*
13,41,41,.500,3.0,118.4,118.1,0.32,2022,Atlanta Hawks*
14,35,47,.427,9.0,113.2,114.4,-1.06,2022,Washington Wizards
15,34,48,.415,10.0,111.4,114.0,-2.39,2022,Orlando Magic
16,27,55,.329,17.0,111.0,117.2,-5.89,2022,Charlotte Hornets
0,Northwest Division,Northwest Division,Northwest Division,Northwest Division,Northwest Division,Northwest Division,Northwest Division,2022,Northwest Division
1,53,29,.646,—,115.8,112.5,3.04,2022,Denver Nuggets*
2,42,40,.512,11.0,115.8,115.8,-0.22,2022,Minnesota Timberwolves*
3,40,42,.488,13.0,117.5,116.4,0.96,2022,Oklahoma City Thunder*
4,37,45,.451,16.0,117.1,118.0,-1.03,2022,Utah Jazz
5,33,49,.402,20.0,113.4,117.4,-3.96,2022,Portland Trail Blazers
6,Pacific Division,Pacific Division,Pacific Division,Pacific Division,Pacific Division,Pacific Division,Pacific Division,2022,Pacific Division
7,48,34,.585,—,120.7,118.1,2.30,2022,Sacramento Kings*
8,45,37,.549,3.0,113.6,111.6,2.08,2022,Phoenix Suns*
9,44,38,.537,4.0,113.6,113.1,0.31,2022,Los Angeles Clippers*
10,44,38,.537,4.0,118.9,117.1,1.66,2022,Golden State Warriors*
11,43,39,.524,5.0,117.2,116.6,0.43,2022,Los Angeles Lakers*
12,Southwest Division,Southwest Division,Southwest Division,Southwest Division,Southwest Division,Southwest Division,Southwest Division,2022,Southwest Division
13,51,31,.622,—,116.9,113.0,3.60,2022,Memphis Grizzlies*
14,42,40,.512,9.0,114.4,112.5,1.63,2022,New Orleans Pelicans*
15,38,44,.463,13.0,114.2,114.1,-0.14,2022,Dallas Mavericks
16,22,60,.268,29.0,110.7,118.6,-7.62,2022,Houston Rockets
17,22,60,.268,29.0,113.0,123.1,-9.82,2022,San Antonio Spurs
0,57,25,.695,—,117.9,111.4,6.38,2023,Boston Celtics*
1,54,28,.659,3.0,115.2,110.9,4.37,2023,Philadelphia 76ers*
2,47,35,.573,10.0,116.0,113.1,2.99,2023,New York Knicks*
3,45,37,.549,12.0,113.4,112.5,1.03,2023,Brooklyn Nets*
4,41,41,.500,16.0,112.9,111.4,1.59,2023,Toronto Raptors*
5,Central Division,Central Division,Central Division,Central Division,Central Division,Central Division,Central Division,2023,Central Division
6,58,24,.707,—,116.9,113.3,3.61,2023,Milwaukee Bucks*
7,51,31,.622,7.0,112.3,106.9,5.23,2023,Cleveland Cavaliers*
8,40,42,.488,18.0,113.1,111.8,1.37,2023,Chicago Bulls*
9,35,47,.427,23.0,116.3,119.5,-2.91,2023,Indiana Pacers
10,17,65,.207,41.0,110.3,118.5,-7.73,2023,Detroit Pistons
11,Southeast Division,Southeast Division,Southeast Division,Southeast Division,Southeast Division,Southeast Division,Southeast Division,2023,Southeast Division
12,44,38,.537,—,109.5,109.8,-0.13,2023,Miami Heat*
13,41,41,.500,3.0,118.4,118.1,0.32,2023,Atlanta Hawks*
14,35,47,.427,9.0,113.2,114.4,-1.06,2023,Washington Wizards
15,34,48,.415,10.0,111.4,114.0,-2.39,2023,Orlando Magic
16,27,55,.329,17.0,111.0,117.2,-5.89,2023,Charlotte Hornets
0,Northwest Division,Northwest Division,Northwest Division,Northwest Division,Northwest Division,Northwest Division,Northwest Division,2023,Northwest Division
1,53,29,.646,—,115.8,112.5,3.04,2023,Denver Nuggets*
2,42,40,.512,11.0,115.8,115.8,-0.22,2023,Minnesota Timberwolves*
3,40,42,.488,13.0,117.5,116.4,0.96,2023,Oklahoma City Thunder*
4,37,45,.451,16.0,117.1,118.0,-1.03,2023,Utah Jazz
5,33,49,.402,20.0,113.4,117.4,-3.96,2023,Portland Trail Blazers
6,Pacific Division,Pacific Division,Pacific Division,Pacific Division,Pacific Division,Pacific Division,Pacific Division,2023,Pacific Division
7,48,34,.585,—,120.7,118.1,2.30,2023,Sacramento Kings*
8,45,37,.549,3.0,113.6,111.6,2.08,2023,Phoenix Suns*
9,44,38,.537,4.0,113.6,113.1,0.31,2023,Los Angeles Clippers*
10,44,38,.537,4.0,118.9,117.1,1.66,2023,Golden State Warriors*
11,43,39,.524,5.0,117.2,116.6,0.43,2023,Los Angeles Lakers*
12,Southwest Division,Southwest Division,Southwest Division,Southwest Division,Southwest Division,Southwest Division,Southwest Division,2023,Southwest Division
13,51,31,.622,—,116.9,113.0,3.60,2023,Memphis Grizzlies*
14,42,40,.512,9.0,114.4,112.5,1.63,2023,New Orleans Pelicans*
15,38,44,.463,13.0,114.2,114.1,-0.14,2023,Dallas Mavericks
16,22,60,.268,29.0,110.7,118.6,-7.62,2023,Houston Rockets
17,22,60,.268,29.0,113.0,123.1,-9.82,2023,San Antonio Spurs
